,country,GWP_import,year,GWP_export
0,AT,55610651244.5,1995,13769498289.2
1,AU,132841925617.0,1995,171910662947.0
2,BE,87827273370.7,1995,43266376981.6
3,BG,6837777113.64,1995,21947073306.1
4,BR,167412117490.0,1995,64674843787.0
5,CA,386713307845.0,1995,230545391955.0
6,CH,100292783909.0,1995,12820439537.2
7,CN,221653794738.0,1995,2445995538500.0
8,CY,8981644919.76,1995,11043375816.9
9,CZ,22017043769.7,1995,33216391739.6
10,DE,395683790766.0,1995,158375004394.0
11,DK,48698250932.1,1995,16277735912.3
12,EE,4267108174.04,1995,8759973386.53
13,ES,152543533500.0,1995,39859085589.2
14,FI,39526728068.8,1995,17460281183.5
15,FR,367685998992.0,1995,110981509133.0
16,GB,374585820001.0,1995,108112350055.0
17,GR,41583226610.3,1995,20800293528.1
18,HR,10394942330.4,1995,4710559281.94
19,HU,24243621829.7,1995,15798954994.8
20,ID,156723417242.0,1995,189131977160.0
21,IE,16752875618.9,1995,46296921004.8
22,IN,81297484730.4,1995,452149539131.0
23,IT,302142109211.0,1995,76888977660.5
24,JP,780327916914.0,1995,170803445408.0
25,KR,253374081684.0,1995,144132326980.0
26,LT,6760410400.55,1995,3961755422.9
27,LU,1485994663.13,1995,3216311989.47
28,LV,3311214871.99,1995,3262828787.99
29,MT,1292394200.75,1995,495631848.86
30,MX,124991713579.0,1995,153816904864.0
31,NL,115559405844.0,1995,153540501152.0
32,NO,102113141598.0,1995,32108952944.7
33,PL,44872132116.7,1995,60656558106.8
34,PT,64904172551.1,1995,12840089392.5
35,RO,9001319960.31,1995,16142271505.8
36,RU,230127485369.0,1995,645505613678.0
37,SE,74345976909.8,1995,15668004375.1
38,SI,9899321516.44,1995,5261524385.62
39,SK,20834002256.6,1995,6677438713.24
40,TR,60084643847.8,1995,54782194911.3
41,TW,180181909482.0,1995,119501875603.0
42,US,1694271971500.0,1995,442752726261.0
43,WA,1661240223320.0,1995,1272597836720.0
44,WE,66941522420.6,1995,223521289494.0
45,WF,151335368082.0,1995,371093440412.0
46,WL,209260807394.0,1995,364196651273.0
47,WM,332613101850.0,1995,768868125279.0
48,ZA,24961982074.8,1995,70212387638.3
0,AT,54300572241.7,1996,14020408105.2
1,AU,92950385972.8,1996,143876247571.0
2,BE,75133827724.1,1996,52784376576.0
3,BG,8916663980.09,1996,26916184108.1
4,BR,79121742511.5,1996,45761808767.6
5,CA,110356436805.0,1996,181520750476.0
6,CH,79446494245.5,1996,13672693630.7
7,CN,185742148137.0,1996,749758491712.0
8,CY,8156749068.86,1996,3154799664.36
9,CZ,63208836870.2,1996,33530016181.1
10,DE,439223549564.0,1996,172296758525.0
11,DK,35890100581.8,1996,20942971971.6
12,EE,6598436134.23,1996,4825399783.82
13,ES,147597234823.0,1996,56239620985.1
14,FI,37345151786.3,1996,18560504310.8
15,FR,357263247423.0,1996,101028531931.0
16,GB,289097812511.0,1996,157380735340.0
17,GR,44199542330.6,1996,23542006323.7
18,HR,7564963188.79,1996,4616507471.44
19,HU,53334929664.7,1996,14980073455.0
20,ID,111249256043.0,1996,112493686255.0
21,IE,19219767894.4,1996,26025254305.9
22,IN,91990972648.9,1996,145669612844.0
23,IT,304021293979.0,1996,89553586328.9
24,JP,609576366567.0,1996,169137739387.0
25,KR,208887894063.0,1996,69847342476.4
26,LT,3542709085.46,1996,5488681960.2
27,LU,3137552615.07,1996,3092789910.08
28,LV,2643353652.5,1996,3055624670.25
29,MT,4565219979.08,1996,1071023312.25
30,MX,69911262973.2,1996,69467196773.4
31,NL,130857460624.0,1996,88918985285.8
32,NO,41850841708.3,1996,40611893087.7
33,PL,84431727033.7,1996,80254571075.8
34,PT,37475809369.9,1996,10043981342.3
35,RO,10659774012.2,1996,32941786069.8
36,RU,84980771719.5,1996,775861552044.0
37,SE,49539379344.3,1996,19864933952.5
38,SI,11718770758.1,1996,3259222125.88
39,SK,13881032445.8,1996,13941976106.1
40,TR,130546822529.0,1996,28091156401.0
41,TW,135160578551.0,1996,82576355153.6
42,US,1142040641650.0,1996,491348884041.0
43,WA,604283644133.0,1996,805499919383.0
44,WE,38164443795.5,1996,217055282122.0
45,WF,95517214864.0,1996,468154981856.0
46,WL,168430302018.0,1996,294246372612.0
47,WM,185441281245.0,1996,491252049708.0
48,ZA,19863732835.4,1996,110803376219.0
0,AT,55627973650.3,1997,15838197815.9
1,AU,102454898664.0,1997,144834735730.0
2,BE,72864723667.0,1997,58418793048.8
3,BG,8486677728.07,1997,23658895012.1
4,BR,98470188864.3,1997,44837637442.3
5,CA,130913283233.0,1997,193939670317.0
6,CH,83716372691.8,1997,16125644501.0
7,CN,189723347504.0,1997,796111564512.0
8,CY,9219350091.4,1997,3856771598.56
9,CZ,31248641714.6,1997,34446870280.7
10,DE,400838391985.0,1997,187482234189.0
11,DK,37032521244.2,1997,24865104912.0
12,EE,5544819020.82,1997,6853273320.3
13,ES,136673908667.0,1997,61849754381.8
14,FI,42686452935.5,1997,22575624140.4
15,FR,251165682188.0,1997,111395619145.0
16,GB,307597008331.0,1997,134561257754.0
17,GR,35957451818.6,1997,21736911532.7
18,HR,13273495260.5,1997,4734809849.27
19,HU,25298194874.0,1997,15333193468.8
20,ID,95580987479.1,1997,117169022029.0
21,IE,35526539779.6,1997,28565284418.0
22,IN,86615310421.4,1997,155587219395.0
23,IT,282874402021.0,1997,88319867444.8
24,JP,555437389947.0,1997,166391870708.0
25,KR,190861935087.0,1997,87152840859.6
26,LT,10882585855.5,1997,5959444646.56
27,LU,3296683626.4,1997,3329594571.84
28,LV,9226953559.66,1997,3141467725.92
29,MT,3265372003.54,1997,1303295740.53
30,MX,87218350410.6,1997,69814083216.0
31,NL,125471806595.0,1997,89306354260.5
32,NO,41482292481.7,1997,40603263718.5
33,PL,51825269745.2,1997,83706092445.3
34,PT,34763931541.8,1997,10155177643.2
35,RO,21137100429.4,1997,34063561249.1
36,RU,148128466969.0,1997,764527591879.0
37,SE,59852925745.8,1997,22433322890.0
38,SI,8306664005.62,1997,3568844601.95
39,SK,25698616671.9,1997,14714667682.3
40,TR,85343001893.1,1997,34571154790.3
41,TW,134548970495.0,1997,84178408989.6
42,US,1174581535430.0,1997,525645737182.0
43,WA,709144931339.0,1997,818382351516.0
44,WE,99411220243.7,1997,175970303505.0
45,WF,116136684477.0,1997,417882485320.0
46,WL,211022447787.0,1997,275427226860.0
47,WM,228550793288.0,1997,535719143343.0
48,ZA,24927562516.4,1997,118867874398.0
0,AT,56035274819.4,1998,17259346616.3
1,AU,94314915675.0,1998,140869684132.0
2,BE,71524759537.8,1998,56973376898.3
3,BG,11668261741.9,1998,21391648051.2
4,BR,98104384594.5,1998,48451685461.2
5,CA,136149539016.0,1998,226558061690.0
6,CH,80636417031.3,1998,16243420235.9
7,CN,183723098873.0,1998,756865617480.0
8,CY,7333558777.38,1998,3302438666.94
9,CZ,29258945546.8,1998,33578989932.5
10,DE,427405943602.0,1998,181410915122.0
11,DK,39060152932.0,1998,21392885875.1
12,EE,5456399306.78,1998,7103704662.44
13,ES,143960492361.0,1998,69104155333.7
14,FI,39766798112.2,1998,20600762858.0
15,FR,278621366501.0,1998,111460468753.0
16,GB,316760521972.0,1998,130448044580.0
17,GR,43169247892.0,1998,20837755245.0
18,HR,10123109646.8,1998,4962341630.77
19,HU,29256244043.9,1998,17037230643.9
20,ID,77600210799.6,1998,159309492404.0
21,IE,32711415133.8,1998,31673471713.0
22,IN,104113236140.0,1998,170718158965.0
23,IT,307557046867.0,1998,92187659237.8
24,JP,455039171181.0,1998,189194108599.0
25,KR,105013616665.0,1998,142283228321.0
26,LT,10414739711.1,1998,5398578921.97
27,LU,4191605955.76,1998,3074957779.18
28,LV,8348913382.85,1998,3144641359.09
29,MT,2618365844.7,1998,1391852512.49
30,MX,97749055645.4,1998,67670739831.5
31,NL,132353973397.0,1998,86182183262.4
32,NO,42790066815.4,1998,37952646503.6
33,PL,70606983726.2,1998,86415260747.5
34,PT,36211134646.7,1998,10798788318.8
35,RO,21799404179.2,1998,26585209889.5
36,RU,119982195001.0,1998,797084297099.0
37,SE,60008179638.5,1998,22255303709.2
38,SI,9170544473.14,1998,3547308846.5
39,SK,22978625349.6,1998,11580458712.4
40,TR,84254638750.7,1998,37019106100.7
41,TW,131099217510.0,1998,79350114413.9
42,US,1300356644050.0,1998,494712245284.0
43,WA,625537681559.0,1998,764896013707.0
44,WE,88774631129.5,1998,168068658560.0
45,WF,129165588397.0,1998,355740717351.0
46,WL,225265049685.0,1998,297453133903.0
47,WM,226605648764.0,1998,476174720799.0
48,ZA,21181535298.0,1998,128112960955.0
0,AT,55010681679.8,1999,17262780658.6
1,AU,108023901769.0,1999,164890446909.0
2,BE,75821440777.0,1999,62962513789.4
3,BG,15073898980.2,1999,20646338989.5
4,BR,78388551531.4,1999,67133506706.7
5,CA,144800155160.0,1999,223583592601.0
6,CH,80093632669.5,1999,16842698367.2
7,CN,218283984742.0,1999,756034840638.0
8,CY,7031407530.5,1999,3383580578.13
9,CZ,27514561382.9,1999,33960127852.2
10,DE,450501630149.0,1999,180982805179.0
11,DK,37488025173.8,1999,22479548339.2
12,EE,5655875004.9,1999,7044236634.86
13,ES,156968151661.0,1999,72826904821.7
14,FI,38553489367.7,1999,21164354825.2
15,FR,272798646229.0,1999,108691125863.0
16,GB,325781453412.0,1999,133477154962.0
17,GR,50153925634.6,1999,24158241687.7
18,HR,11644219313.5,1999,5933826956.52
19,HU,30644782001.7,1999,16834867145.6
20,ID,73772058787.7,1999,135948185319.0
21,IE,36531803606.2,1999,31202718633.1
22,IN,130408976819.0,1999,155374558305.0
23,IT,317435258694.0,1999,85465079931.8
24,JP,487549430849.0,1999,166385566828.0
25,KR,141317955669.0,1999,97044066992.4
26,LT,9355002507.79,1999,4113386463.94
27,LU,5430678557.36,1999,2961075951.31
28,LV,9501894287.05,1999,3251857233.62
29,MT,3087276541.52,1999,1111306637.89
30,MX,105218699811.0,1999,71664161356.5
31,NL,131812266091.0,1999,87237886860.0
32,NO,37028543123.1,1999,40800056220.1
33,PL,65118240613.6,1999,69343119470.1
34,PT,37895660988.2,1999,11724881394.9
35,RO,14818547101.0,1999,25908469003.7
36,RU,93415133736.2,1999,886564635387.0
37,SE,61294467026.0,1999,22554816282.3
38,SI,10372322217.1,1999,3209894772.86
39,SK,17525210583.2,1999,11095791597.2
40,TR,81122902209.4,1999,39007547240.4
41,TW,132969849347.0,1999,85321821663.0
42,US,1364948384640.0,1999,512285546280.0
43,WA,553124787958.0,1999,809602675224.0
44,WE,54838550316.2,1999,177149091229.0
45,WF,130791168060.0,1999,375894466454.0
46,WL,219838967248.0,1999,292258275438.0
47,WM,244091540179.0,1999,499400735636.0
48,ZA,22420901125.8,1999,119093725551.0
0,AT,49317638513.3,2000,17911522924.6
1,AU,98847460305.3,2000,186876926128.0
2,BE,78683222612.2,2000,68209570745.7
3,BG,8633851396.89,2000,15343113445.1
4,BR,87764057440.8,2000,67262721843.6
5,CA,131656389689.0,2000,222261788614.0
6,CH,79892267587.3,2000,18377780545.0
7,CN,266880856448.0,2000,802904062194.0
8,CY,16353956756.7,2000,3740149765.91
9,CZ,34241441778.5,2000,33914762683.5
10,DE,423544129023.0,2000,194570422804.0
11,DK,44645809315.5,2000,26779002851.4
12,EE,5901487458.55,2000,5523380962.49
13,ES,170332886395.0,2000,78105543246.7
14,FI,46718561605.7,2000,22582560624.0
15,FR,298105267323.0,2000,114674605727.0
16,GB,348615505872.0,2000,148570043451.0
17,GR,55722420350.7,2000,33049372809.6
18,HR,13156726456.0,2000,7012279140.38
19,HU,50127840901.8,2000,18695671530.9
20,ID,68585417382.2,2000,151609822052.0
21,IE,33884050030.6,2000,34884523503.4
22,IN,101717416888.0,2000,194092362405.0
23,IT,305232344028.0,2000,96507925563.2
24,JP,552048521567.0,2000,175329068071.0
25,KR,175748474264.0,2000,110530567934.0
26,LT,12144994044.5,2000,4609630991.02
27,LU,6421600424.19,2000,3960014135.47
28,LV,9907852468.45,2000,3154792136.26
29,MT,3463766108.53,2000,1124015345.41
30,MX,124576315075.0,2000,71321728463.1
31,NL,141843922678.0,2000,95324029681.5
32,NO,40361916256.4,2000,51274280259.7
33,PL,87818111499.2,2000,75185723078.0
34,PT,39513042678.4,2000,13454258029.6
35,RO,16617901879.5,2000,27554902653.2
36,RU,116735869567.0,2000,911678306313.0
37,SE,74085486429.4,2000,23800832497.8
38,SI,11208758702.0,2000,4919209606.74
39,SK,30387648485.5,2000,10786759289.6
40,TR,84816354522.9,2000,39457030356.6
41,TW,154527363451.0,2000,89363310530.0
42,US,1526233412760.0,2000,502084947613.0
43,WA,557883981208.0,2000,890169134323.0
44,WE,65087168605.1,2000,190804906983.0
45,WF,123126262374.0,2000,417411900860.0
46,WL,214852171213.0,2000,296721770533.0
47,WM,267247832724.0,2000,576295015847.0
48,ZA,25632642128.7,2000,131076325583.0
0,AT,51133315727.0,2001,18183967146.4
1,AU,101598062734.0,2001,211788918824.0
2,BE,83402645449.7,2001,66560088330.4
3,BG,8521569253.53,2001,14786264524.0
4,BR,89497006554.2,2001,113668544846.0
5,CA,138323008252.0,2001,237547889763.0
6,CH,75488540553.7,2001,17754678854.4
7,CN,332290162938.0,2001,815898489450.0
8,CY,15390008565.3,2001,3561380037.11
9,CZ,33859446435.5,2001,37486081824.9
10,DE,405883934146.0,2001,198705719621.0
11,DK,43687699759.2,2001,26640060208.2
12,EE,6717158134.93,2001,6405965675.08
13,ES,174655511737.0,2001,81995866151.6
14,FI,45513031222.3,2001,22590647933.8
15,FR,300784457358.0,2001,110262650744.0
16,GB,372897005596.0,2001,145297666406.0
17,GR,56241497546.3,2001,37646740489.0
18,HR,13287363909.9,2001,6921651184.18
19,HU,48255898083.7,2001,16689120203.0
20,ID,71632838069.6,2001,146376443584.0
21,IE,36868763519.9,2001,32908423531.7
22,IN,105434028431.0,2001,226992425469.0
23,IT,298532477726.0,2001,98591184800.0
24,JP,530634972336.0,2001,181783305855.0
25,KR,178584721995.0,2001,126142787056.0
26,LT,10349873826.1,2001,5041302950.76
27,LU,8120214114.93,2001,4470824206.64
28,LV,10153458468.7,2001,3460385947.51
29,MT,2725508921.06,2001,1022742577.63
30,MX,136394676077.0,2001,71085284982.5
31,NL,149881125534.0,2001,93053289508.8
32,NO,42857012035.3,2001,47885857785.0
33,PL,84959856336.9,2001,77578929243.4
34,PT,40801102615.8,2001,12718812356.0
35,RO,18137404811.5,2001,26542200143.2
36,RU,125761073094.0,2001,849209513584.0
37,SE,68727548699.1,2001,23599817687.2
38,SI,10382146986.3,2001,5246046843.42
39,SK,27688489850.7,2001,11524823361.7
40,TR,58583009170.2,2001,62133614753.7
41,TW,126096651123.0,2001,88984088622.0
42,US,1517673571110.0,2001,533774012946.0
43,WA,506060601775.0,2001,921432744202.0
44,WE,107381482505.0,2001,189350333563.0
45,WF,159108535623.0,2001,379685779989.0
46,WL,236448017671.0,2001,288441696150.0
47,WM,302228475601.0,2001,550306770430.0
48,ZA,23957890009.4,2001,143857017647.0
0,AT,48746060573.8,2002,19706946991.2
1,AU,110208692463.0,2002,195665345899.0
2,BE,83323862656.7,2002,60037318045.7
3,BG,7952600407.59,2002,13180581176.5
4,BR,83925500328.1,2002,137805121094.0
5,CA,137778880353.0,2002,239561501457.0
6,CH,76837360037.3,2002,15564107875.2
7,CN,362190306116.0,2002,872769160205.0
8,CY,13520511088.7,2002,3328729801.85
9,CZ,45265335806.3,2002,32385255083.8
10,DE,374578214379.0,2002,209072191339.0
11,DK,43134982736.8,2002,25769283047.6
12,EE,6687002814.95,2002,4820916017.55
13,ES,176063637873.0,2002,80525842511.1
14,FI,43060769008.8,2002,26145563305.8
15,FR,292542094526.0,2002,108548389762.0
16,GB,368516896481.0,2002,152513991275.0
17,GR,54526182288.0,2002,29641141850.1
18,HR,15779270799.5,2002,6984514457.46
19,HU,46713663338.9,2002,15213461443.7
20,ID,83791166049.4,2002,139617021543.0
21,IE,41427092855.3,2002,33571815126.8
22,IN,121899024753.0,2002,214563599173.0
23,IT,296947114139.0,2002,90268913877.5
24,JP,486041324397.0,2002,181488344871.0
25,KR,192437949860.0,2002,121074500547.0
26,LT,10540386629.1,2002,5019585445.32
27,LU,7914152494.78,2002,5134893488.32
28,LV,8623459911.43,2002,3273882954.15
29,MT,3092102061.02,2002,1235616429.41
30,MX,133582300860.0,2002,70559900848.9
31,NL,151535984251.0,2002,94294547798.7
32,NO,44012375340.3,2002,43783765908.7
33,PL,80171227770.9,2002,74868141355.8
34,PT,39173859974.2,2002,12561777452.5
35,RO,22074528011.6,2002,29825413518.1
36,RU,117131482921.0,2002,856157633010.0
37,SE,54223934490.0,2002,23255848711.5
38,SI,10172980757.5,2002,5420442064.12
39,SK,29581737618.5,2002,12608739175.1
40,TR,73119658245.4,2002,52666069545.6
41,TW,116572361838.0,2002,96450379028.8
42,US,1543774376580.0,2002,479989368277.0
43,WA,555068377841.0,2002,967194083609.0
44,WE,116924825175.0,2002,179261825774.0
45,WF,178649432147.0,2002,357637260824.0
46,WL,208643818554.0,2002,343116663585.0
47,WM,312963512143.0,2002,574508652407.0
48,ZA,25190553502.1,2002,137984876260.0
0,AT,49669931271.0,2003,19164627380.1
1,AU,119038157054.0,2003,151007190736.0
2,BE,84693687694.9,2003,52927465883.5
3,BG,9735281367.32,2003,13099292810.0
4,BR,74506375038.7,2003,145237886448.0
5,CA,150753428610.0,2003,221229420286.0
6,CH,74474860228.6,2003,14850765170.1
7,CN,423869819182.0,2003,1048390778810.0
8,CY,15694564046.3,2003,4026603347.87
9,CZ,38339693996.4,2003,30783163732.4
10,DE,396883064089.0,2003,207339451764.0
11,DK,41609426278.5,2003,25323025602.2
12,EE,7232814821.37,2003,5283257584.44
13,ES,183286583293.0,2003,81263500390.7
14,FI,49271172867.6,2003,24128209379.1
15,FR,301127691196.0,2003,106121628801.0
16,GB,362651819512.0,2003,126149468092.0
17,GR,62479944350.5,2003,30200449334.9
18,HR,17735299492.3,2003,5196459841.45
19,HU,52493803835.1,2003,14393826766.0
20,ID,74261518339.3,2003,147003273275.0
21,IE,40539395047.5,2003,28678249680.9
22,IN,116736399701.0,2003,219425784728.0
23,IT,308282339991.0,2003,89117309809.4
24,JP,505166185152.0,2003,202194769246.0
25,KR,200387109524.0,2003,124644662406.0
26,LT,10275590674.3,2003,4895965185.61
27,LU,7079753574.07,2003,5901708925.16
28,LV,9600885856.79,2003,2934273909.58
29,MT,3293977927.32,2003,1121488660.49
30,MX,115185397381.0,2003,90189624907.5
31,NL,147662757215.0,2003,89016711267.5
32,NO,39220821462.1,2003,42381747825.5
33,PL,77095433702.3,2003,77556702388.8
34,PT,38496728471.9,2003,13967097684.9
35,RO,18770790322.5,2003,32031867540.3
36,RU,134365263390.0,2003,841357661494.0
37,SE,54468617035.3,2003,21484216770.3
38,SI,9925589617.53,2003,4390215364.89
39,SK,31371110592.8,2003,13303051700.0
40,TR,84074556445.3,2003,45850438725.4
41,TW,107545978730.0,2003,110599955702.0
42,US,1546066104100.0,2003,462775028033.0
43,WA,568299437257.0,2003,868745170084.0
44,WE,114675126734.0,2003,185633631795.0
45,WF,173470770389.0,2003,375840347627.0
46,WL,189288337974.0,2003,357225662944.0
47,WM,286465311182.0,2003,652786687095.0
48,ZA,26373858658.9,2003,116822787733.0
0,AT,50952102812.2,2004,18697404886.3
1,AU,144559805947.0,2004,176925093933.0
2,BE,89933683051.9,2004,54458445255.2
3,BG,11587758824.0,2004,15839924070.5
4,BR,82349975295.0,2004,165522588634.0
5,CA,162383893193.0,2004,224258516488.0
6,CH,70438800106.5,2004,16263525065.4
7,CN,456163881785.0,2004,1200188170850.0
8,CY,12052246156.9,2004,3288853627.33
9,CZ,40728540452.6,2004,37613959907.7
10,DE,407780027554.0,2004,231657886562.0
11,DK,42819625006.3,2004,26880666369.2
12,EE,6770448463.02,2004,6577688113.6
13,ES,199154163549.0,2004,80480385014.6
14,FI,45010910479.7,2004,25625418548.6
15,FR,313603058734.0,2004,104909358726.0
16,GB,409178891133.0,2004,141998216198.0
17,GR,59470927427.0,2004,28411262668.7
18,HR,17358653481.6,2004,5945680405.56
19,HU,47951385289.1,2004,14516357216.6
20,ID,85418915315.4,2004,145716716975.0
21,IE,48019073816.5,2004,30547858202.1
22,IN,151040800197.0,2004,248423608721.0
23,IT,318946430817.0,2004,94377212718.4
24,JP,523256471259.0,2004,216276203362.0
25,KR,211406116768.0,2004,135964565544.0
26,LT,10788541674.3,2004,4106496823.52
27,LU,6745401287.83,2004,5480439268.7
28,LV,8861154393.07,2004,2976269105.7
29,MT,2855111380.94,2004,857970012.985
30,MX,127820350383.0,2004,96814069424.1
31,NL,152788604037.0,2004,88206619365.4
32,NO,46129648688.4,2004,43501913692.7
33,PL,71807082274.1,2004,79474448524.9
34,PT,41489008764.3,2004,13044020136.5
35,RO,32243139407.6,2004,32153494638.4
36,RU,154858945841.0,2004,805443754531.0
37,SE,56944048958.7,2004,24284224203.6
38,SI,11461511921.5,2004,5606260809.92
39,SK,30270497867.9,2004,13660770952.6
40,TR,96739632443.1,2004,47580501063.2
41,TW,133436409634.0,2004,106654386435.0
42,US,1652509168710.0,2004,452766990057.0
43,WA,657353580704.0,2004,1134013161250.0
44,WE,119245345763.0,2004,202690380686.0
45,WF,181419889498.0,2004,374180413703.0
46,WL,210359090005.0,2004,400591711456.0
47,WM,351976252087.0,2004,689955932064.0
48,ZA,34374289588.3,2004,125403495960.0
0,AT,52817479113.0,2005,19467477686.7
1,AU,162163662934.0,2005,151608017644.0
2,BE,95081073887.4,2005,53254736171.0
3,BG,13608518320.7,2005,15038746769.6
4,BR,84952059420.3,2005,163209331569.0
5,CA,185977328633.0,2005,220967236937.0
6,CH,83898637674.5,2005,18311064244.2
7,CN,467785940687.0,2005,1579084277970.0
8,CY,9068583333.67,2005,2718533611.73
9,CZ,33160761593.0,2005,45183676484.6
10,DE,426940434163.0,2005,248121489833.0
11,DK,44890846204.8,2005,28631775069.6
12,EE,7319127670.71,2005,7113862254.54
13,ES,217547451776.0,2005,86410817313.5
14,FI,49815768357.6,2005,24709993060.2
15,FR,316684371002.0,2005,107284049934.0
16,GB,418735958167.0,2005,149745063557.0
17,GR,63698976223.0,2005,29960508100.7
18,HR,20945197886.1,2005,5960623720.97
19,HU,57933804499.4,2005,14519469199.3
20,ID,95844325582.2,2005,166605419699.0
21,IE,51433880390.1,2005,32277563846.0
22,IN,189302955683.0,2005,271442618225.0
23,IT,328924578296.0,2005,99518931078.4
24,JP,553426100146.0,2005,246402479570.0
25,KR,229109519696.0,2005,139547185536.0
26,LT,13405030754.5,2005,5197641560.37
27,LU,7499290174.41,2005,5749980785.74
28,LV,9433816621.89,2005,3490107132.31
29,MT,3177352482.48,2005,1049291519.12
30,MX,146310028570.0,2005,107649959428.0
31,NL,144039821035.0,2005,89751649204.7
32,NO,49428721615.9,2005,43368120769.6
33,PL,85270369045.4,2005,83442088864.3
34,PT,41865485895.4,2005,12447796049.9
35,RO,34157709962.8,2005,22864202496.1
36,RU,177180540061.0,2005,816972232847.0
37,SE,61619489502.8,2005,26227537233.2
38,SI,12832511893.9,2005,5263307193.76
39,SK,41441739680.6,2005,14904565211.6
40,TR,111964737720.0,2005,49161687790.9
41,TW,125878145799.0,2005,116032612024.0
42,US,1800015165250.0,2005,491487355848.0
43,WA,773695992439.0,2005,1188440916100.0
44,WE,120650934497.0,2005,175576245280.0
45,WF,205500549082.0,2005,408300299520.0
46,WL,239268836517.0,2005,419501092902.0
47,WM,394341683990.0,2005,750387201368.0
48,ZA,35979809352.5,2005,131664263064.0
0,AT,54439989182.5,2006,20353996915.8
1,AU,161650327704.0,2006,166911254541.0
2,BE,98015109678.3,2006,50978652248.7
3,BG,16805353260.7,2006,14755870692.1
4,BR,99036934715.4,2006,165100709084.0
5,CA,201946321199.0,2006,229994056927.0
6,CH,74338925970.0,2006,18188862005.5
7,CN,457704419576.0,2006,1962349149470.0
8,CY,7987647383.95,2006,2730349301.36
9,CZ,54659044811.4,2006,41887317596.2
10,DE,459009577375.0,2006,255300981794.0
11,DK,48591785235.0,2006,29716716884.0
12,EE,7808715653.57,2006,7517185078.06
13,ES,227293790954.0,2006,89276767428.4
14,FI,50651737979.2,2006,26504824045.2
15,FR,317153422051.0,2006,114964085984.0
16,GB,439855739657.0,2006,163790116703.0
17,GR,73595191059.8,2006,32654728082.7
18,HR,20635687184.7,2006,7700542026.13
19,HU,56723195086.8,2006,16168844840.8
20,ID,95803708196.4,2006,165858182270.0
21,IE,56338941335.6,2006,35144124054.0
22,IN,219475859769.0,2006,298753298667.0
23,IT,355720783556.0,2006,102067519608.0
24,JP,565058368644.0,2006,252503944800.0
25,KR,262168786876.0,2006,133052511335.0
26,LT,14863669743.8,2006,5222003859.59
27,LU,7916049031.01,2006,6229446325.82
28,LV,10307423645.1,2006,3429832411.45
29,MT,4154979875.75,2006,1473841240.22
30,MX,158767747709.0,2006,110084516729.0
31,NL,132637407992.0,2006,81400048219.6
32,NO,48475158184.2,2006,41450018041.3
33,PL,70720640416.6,2006,81595849987.2
34,PT,41903267226.5,2006,15047605930.6
35,RO,46452585248.8,2006,20273005689.9
36,RU,205873353627.0,2006,833125389526.0
37,SE,65164427516.5,2006,26899864998.5
38,SI,13083425588.5,2006,5544006563.95
39,SK,43367209132.2,2006,16027175001.4
40,TR,127473348394.0,2006,52421449532.4
41,TW,109389631704.0,2006,127660616923.0
42,US,1875444098920.0,2006,516266239207.0
43,WA,835914991478.0,2006,1124611334550.0
44,WE,129245647341.0,2006,160142806383.0
45,WF,235842660056.0,2006,419511633976.0
46,WL,270576088503.0,2006,424054567000.0
47,WM,464963416362.0,2006,826136693716.0
48,ZA,41381105502.1,2006,133555159088.0
0,AT,52530024376.4,2007,20404479362.9
1,AU,174159507954.0,2007,156703892548.0
2,BE,91974293066.7,2007,56963597649.5
3,BG,26235327537.5,2007,16710757428.2
4,BR,120381019892.0,2007,163359321833.0
5,CA,208361197937.0,2007,227863203281.0
6,CH,65492898305.3,2007,17951055796.6
7,CN,489690516353.0,2007,2176459902220.0
8,CY,7737691723.7,2007,2741062121.8
9,CZ,53675812516.8,2007,42019457149.3
10,DE,451132817363.0,2007,266708437834.0
11,DK,47892536527.1,2007,31503681188.8
12,EE,8032426094.79,2007,5260706965.63
13,ES,236719077608.0,2007,88100836369.1
14,FI,49693018103.3,2007,29162421560.1
15,FR,320934698002.0,2007,110577980248.0
16,GB,412884483880.0,2007,144212254130.0
17,GR,77565334113.3,2007,30121378271.8
18,HR,18025222845.2,2007,7419119705.9
19,HU,50814162777.8,2007,17137485891.5
20,ID,105225564525.0,2007,170615011163.0
21,IE,55908443584.5,2007,34640775140.8
22,IN,248199272376.0,2007,296746700364.0
23,IT,337298341874.0,2007,105959400862.0
24,JP,515731556549.0,2007,277821533991.0
25,KR,275429110524.0,2007,142395957199.0
26,LT,14922654218.5,2007,4394072121.36
27,LU,6470364847.73,2007,6347394609.73
28,LV,11760461468.1,2007,3949402111.02
29,MT,4011120868.36,2007,1280919269.22
30,MX,162448826895.0,2007,117840527102.0
31,NL,132904175166.0,2007,73458649175.6
32,NO,54235280209.5,2007,43883541104.3
33,PL,77540841710.6,2007,79261605465.7
34,PT,41854587774.8,2007,15147190473.0
35,RO,51369196407.2,2007,21750066487.7
36,RU,217228018032.0,2007,778452185924.0
37,SE,69371440570.4,2007,26096923417.9
38,SI,13262631039.9,2007,5274985139.49
39,SK,38193083596.1,2007,14846040150.7
40,TR,135392642341.0,2007,49560556160.5
41,TW,91290890609.0,2007,137807126550.0
42,US,1791979244850.0,2007,609576551494.0
43,WA,741158512502.0,2007,861931857700.0
44,WE,129003145393.0,2007,149704177358.0
45,WF,265683668138.0,2007,392524666083.0
46,WL,300906548096.0,2007,421446854742.0
47,WM,504224197623.0,2007,813322072931.0
48,ZA,36433467501.7,2007,125951580420.0
0,AT,52567494731.5,2008,21666137854.5
1,AU,171401942260.0,2008,162769234309.0
2,BE,109836334926.0,2008,53993772782.2
3,BG,25964798581.1,2008,19925034831.0
4,BR,155026014649.0,2008,159998662495.0
5,CA,219904114751.0,2008,249542445320.0
6,CH,72248865857.7,2008,16234209471.4
7,CN,546228046100.0,2008,2087289367130.0
8,CY,6953674251.4,2008,2388862856.43
9,CZ,59655954083.1,2008,42007213849.0
10,DE,455421073256.0,2008,270639973019.0
11,DK,48356286616.6,2008,32490309142.1
12,EE,7747870101.1,2008,6963713112.58
13,ES,228198327686.0,2008,96694220826.6
14,FI,55540087874.7,2008,37790388311.5
15,FR,342211941962.0,2008,117406876872.0
16,GB,404456646843.0,2008,163764043603.0
17,GR,82210581522.8,2008,38557960818.9
18,HR,19385770067.9,2008,7676098241.52
19,HU,59590631968.0,2008,17630843844.5
20,ID,124781450196.0,2008,176205050204.0
21,IE,50855348526.4,2008,33988529906.3
22,IN,269062928586.0,2008,384804004592.0
23,IT,344954846092.0,2008,100150529827.0
24,JP,561577908621.0,2008,288571893864.0
25,KR,265751693954.0,2008,167604284736.0
26,LT,18250093902.8,2008,5407163581.86
27,LU,8492671629.08,2008,5845942256.47
28,LV,12467959845.6,2008,3958783468.5
29,MT,3758085079.39,2008,1540028826.24
30,MX,168143392642.0,2008,118730497691.0
31,NL,122819098963.0,2008,74693733799.8
32,NO,53942731646.0,2008,47150994120.6
33,PL,93500603809.5,2008,71165006132.8
34,PT,45644592561.7,2008,14696115737.3
35,RO,54986174740.7,2008,24500910485.3
36,RU,254165096197.0,2008,810961195840.0
37,SE,67527124507.7,2008,27643516047.2
38,SI,14171376138.5,2008,5037719976.87
39,SK,43080089613.2,2008,14566026293.4
40,TR,136971579480.0,2008,69618882697.5
41,TW,107596005999.0,2008,134211305232.0
42,US,1688679685840.0,2008,675079153791.0
43,WA,815209621978.0,2008,1113619649820.0
44,WE,177836533112.0,2008,169540851386.0
45,WF,335976192128.0,2008,423028039469.0
46,WL,353273297965.0,2008,409595116558.0
47,WM,620455211411.0,2008,846599774208.0
48,ZA,36282520692.5,2008,149176304698.0
0,AT,49601244355.1,2009,19610324207.7
1,AU,164995642888.0,2009,156533788176.0
2,BE,99998529134.3,2009,52315091085.4
3,BG,18123758952.8,2009,18379837725.8
4,BR,132692959422.0,2009,150359662352.0
5,CA,178808363782.0,2009,229629318548.0
6,CH,70570032201.2,2009,16689735339.1
7,CN,679211246769.0,2009,1736016686640.0
8,CY,7321080469.44,2009,4459574387.47
9,CZ,46725358579.4,2009,39002875462.1
10,DE,415347845208.0,2009,243763094488.0
11,DK,46492362432.7,2009,26204949898.1
12,EE,6296606722.38,2009,5927437702.8
13,ES,181731541151.0,2009,85943270325.4
14,FI,40276053283.4,2009,23035425435.5
15,FR,302405521103.0,2009,104310336196.0
16,GB,345237386117.0,2009,166040067193.0
17,GR,62052519213.1,2009,41341404473.2
18,HR,16415373215.8,2009,8014866350.48
19,HU,43673140401.9,2009,17821878267.9
20,ID,112146620394.0,2009,159376001221.0
21,IE,46545156014.5,2009,33193427284.3
22,IN,310508457795.0,2009,335916949437.0
23,IT,348410507801.0,2009,88727459766.5
24,JP,461085469200.0,2009,228192379926.0
25,KR,220088102211.0,2009,180674841460.0
26,LT,12467883750.0,2009,6021219645.49
27,LU,8762855764.13,2009,5221639774.36
28,LV,10639104097.6,2009,4903098676.34
29,MT,5492100271.65,2009,1512421962.17
30,MX,123235416186.0,2009,118668849691.0
31,NL,134293805222.0,2009,79525223792.6
32,NO,48854444868.9,2009,41792450660.1
33,PL,78331645032.6,2009,71645242039.0
34,PT,39114565365.3,2009,13255972000.6
35,RO,33890367935.2,2009,19881553825.8
36,RU,197600900837.0,2009,772080431758.0
37,SE,56057480350.9,2009,26549670623.6
38,SI,11733869819.2,2009,5380661631.59
39,SK,34065004134.9,2009,14337222000.4
40,TR,114410276259.0,2009,73294904789.5
41,TW,93581683695.1,2009,143597314700.0
42,US,1470269734230.0,2009,540544493901.0
43,WA,808254215545.0,2009,1192019727320.0
44,WE,151818427219.0,2009,164958806449.0
45,WF,386896039786.0,2009,368607318370.0
46,WL,340740739624.0,2009,405748183207.0
47,WM,627299713404.0,2009,847609622388.0
48,ZA,34661798047.7,2009,140596237707.0
0,AT,49252574865.7,2010,19835943178.6
1,AU,173832115527.0,2010,151488745334.0
2,BE,96454648840.1,2010,45095753173.0
3,BG,14149569042.2,2010,17935803177.7
4,BR,163316448724.0,2010,140584640359.0
5,CA,194188089276.0,2010,218510642898.0
6,CH,73719169126.3,2010,17362498131.3
7,CN,740120428713.0,2010,1956860845660.0
8,CY,7419377356.23,2010,4975272816.32
9,CZ,44580237541.4,2010,39594555392.1
10,DE,416962318942.0,2010,246611768791.0
11,DK,39440857555.7,2010,30648307033.4
12,EE,5450108393.95,2010,6547868755.94
13,ES,169440876650.0,2010,84683946010.5
14,FI,41873596992.4,2010,24809590656.6
15,FR,280348527920.0,2010,99632316422.2
16,GB,332592937490.0,2010,133012443914.0
17,GR,55365467792.6,2010,38236819685.0
18,HR,12595154177.2,2010,8237534995.25
19,HU,35888385893.5,2010,17779604024.1
20,ID,131602564893.0,2010,180175696899.0
21,IE,42449277340.2,2010,36949476785.1
22,IN,314939454161.0,2010,379810617575.0
23,IT,328589381127.0,2010,84381793670.1
24,JP,481851218579.0,2010,235413716983.0
25,KR,243265234253.0,2010,184362196549.0
26,LT,11904203442.5,2010,6366688288.29
27,LU,8031030072.59,2010,4883473033.18
28,LV,8351268548.51,2010,5126716525.37
29,MT,5345571530.2,2010,1193564957.48
30,MX,137043747264.0,2010,124478959861.0
31,NL,117157496252.0,2010,78686601040.8
32,NO,46094792109.1,2010,38734953074.5
33,PL,78197655018.7,2010,74155375180.3
34,PT,37617173419.3,2010,14286267502.0
35,RO,33653731011.4,2010,17158563069.7
36,RU,223548362000.0,2010,719284788759.0
37,SE,60106143678.7,2010,23347354075.8
38,SI,10174077728.4,2010,4420693752.84
39,SK,32290626699.4,2010,12808930882.2
40,TR,136025485747.0,2010,66510776215.9
41,TW,103459833105.0,2010,115225643612.0
42,US,1464945801810.0,2010,561146446954.0
43,WA,938964136418.0,2010,1131322389800.0
44,WE,157183426795.0,2010,165549895086.0
45,WF,364471744706.0,2010,405953132483.0
46,WL,352572620608.0,2010,402338536379.0
47,WM,599127778550.0,2010,935315212610.0
48,ZA,38222625801.8,2010,142343991483.0
0,AT,52522977070.7,2011,20940815982.2
1,AU,204962128579.0,2011,195873299791.0
2,BE,108071351678.0,2011,47140991336.1
3,BG,15441150836.0,2011,22153590168.9
4,BR,193684520314.0,2011,147327902077.0
5,CA,210303298859.0,2011,235588021524.0
6,CH,95693680911.7,2011,17749681171.1
7,CN,934541787788.0,2011,2146250279670.0
8,CY,5964269948.45,2011,4447761162.24
9,CZ,46243803278.3,2011,38308808575.2
10,DE,467727090236.0,2011,275269288585.0
11,DK,43003243520.5,2011,34164149270.0
12,EE,6469001163.56,2011,8769428729.5
13,ES,173846120383.0,2011,98231929674.1
14,FI,47581073084.1,2011,26567502245.3
15,FR,317878994353.0,2011,105296547862.0
16,GB,343489429683.0,2011,146054808141.0
17,GR,51867271277.6,2011,38999732384.4
18,HR,12073308541.3,2011,8218249563.88
19,HU,33402141740.8,2011,17668441839.9
20,ID,150677324743.0,2011,184616410299.0
21,IE,43508275028.8,2011,36383753566.6
22,IN,371607944546.0,2011,414669314584.0
23,IT,337007916780.0,2011,90509786115.6
24,JP,557191230231.0,2011,249575257711.0
25,KR,277853600888.0,2011,217217527442.0
26,LT,13192551207.5,2011,6289228688.83
27,LU,8866185367.12,2011,5683903243.29
28,LV,10582923079.4,2011,5784636348.74
29,MT,3945774532.57,2011,1374226719.12
30,MX,159596247779.0,2011,131751409233.0
31,NL,116985145980.0,2011,83372339814.6
32,NO,51060405004.6,2011,40090237057.0
33,PL,90025112238.3,2011,81128810571.9
34,PT,36529259461.5,2011,14622586474.0
35,RO,37168512491.1,2011,18789640083.5
36,RU,264406847823.0,2011,816805854112.0
37,SE,65013575019.4,2011,25813121201.0
38,SI,12281448805.9,2011,5125739371.65
39,SK,31287078944.3,2011,12883604390.9
40,TR,157179189519.0,2011,79362402129.5
41,TW,108120312983.0,2011,152399482362.0
42,US,1518780818750.0,2011,683949189582.0
43,WA,1037335751400.0,2011,1255628375690.0
44,WE,195464294284.0,2011,191501116933.0
45,WF,396002888822.0,2011,432989155420.0
46,WL,395235706014.0,2011,442447858984.0
47,WM,629028556481.0,2011,1014069847630.0
48,ZA,46232108658.0,2011,157077584604.0
0,AT,55171984690.4,2012,22568662276.2
1,AU,211614719816.0,2012,192223804706.0
2,BE,107386055038.0,2012,46404391031.6
3,BG,16655685600.2,2012,23382742022.0
4,BR,195943420633.0,2012,172181921032.0
5,CA,230606613992.0,2012,245513704908.0
6,CH,89454231475.2,2012,18252591256.7
7,CN,1026004632420.0,2012,2251802609810.0
8,CY,5619769359.42,2012,5168476624.94
9,CZ,45750238956.9,2012,40065971048.1
10,DE,427434135267.0,2012,275081381401.0
11,DK,44008286263.5,2012,33106349810.5
12,EE,8012132529.41,2012,8916849298.19
13,ES,155469772062.0,2012,107624901265.0
14,FI,40225791441.9,2012,25814331237.6
15,FR,318537993586.0,2012,107848506370.0
16,GB,351204345656.0,2012,138704439618.0
17,GR,48232264468.8,2012,40580274935.8
18,HR,11756608753.6,2012,8422207417.81
19,HU,32217598277.1,2012,19500152504.1
20,ID,167569279747.0,2012,183828754511.0
21,IE,42794519808.4,2012,37385284043.3
22,IN,371919494275.0,2012,427560262894.0
23,IT,296176259906.0,2012,101466495032.0
24,JP,595988525493.0,2012,254138762121.0
25,KR,270689467202.0,2012,224092344989.0
26,LT,14846781582.3,2012,7418941474.57
27,LU,10877886586.7,2012,5979259096.22
28,LV,10527858507.3,2012,6532788618.89
29,MT,4215283724.84,2012,1832987810.99
30,MX,162106270679.0,2012,147334160747.0
31,NL,110788015474.0,2012,82508913566.0
32,NO,51633959937.2,2012,42226473604.2
33,PL,85730202283.5,2012,86469196963.5
34,PT,32924562763.5,2012,17285849997.4
35,RO,34579823472.0,2012,22932839229.4
36,RU,293569707017.0,2012,794574413277.0
37,SE,65248393726.1,2012,24943707413.2
38,SI,12269560088.2,2012,6281972797.16
39,SK,29734060476.0,2012,14997763679.4
40,TR,152226335483.0,2012,79252461752.3
41,TW,112385087926.0,2012,146191801978.0
42,US,1537705699910.0,2012,726512248685.0
43,WA,1189642244500.0,2012,1325387278500.0
44,WE,201447470657.0,2012,206184650262.0
45,WF,398810357773.0,2012,478295981473.0
46,WL,461418721300.0,2012,439040126337.0
47,WM,709510204170.0,2012,1072963891080.0
48,ZA,47933700183.0,2012,149792134439.0
0,AT,54671585688.1,2013,21859044906.2
1,AU,203291167447.0,2013,174873256046.0
2,BE,107415035390.0,2013,45664872436.0
3,BG,16449543696.3,2013,24268487755.9
4,BR,209718448462.0,2013,186570386638.0
5,CA,213833850294.0,2013,254901947129.0
6,CH,95280069295.4,2013,18494756541.5
7,CN,1174496558130.0,2013,2308982795240.0
8,CY,5071911059.64,2013,5528201151.81
9,CZ,45561418679.9,2013,39470169524.3
10,DE,457017245545.0,2013,275695199916.0
11,DK,43656961578.2,2013,30974983441.2
12,EE,7099632822.33,2013,8457748753.07
13,ES,151496133292.0,2013,110079192680.0
14,FI,47469901211.1,2013,23675039750.8
15,FR,317223511585.0,2013,115442049997.0
16,GB,346669480795.0,2013,157839155237.0
17,GR,47299002922.4,2013,41309272311.3
18,HR,11215558333.8,2013,7916352453.16
19,HU,32373870019.1,2013,19044023613.0
20,ID,172203180116.0,2013,200187600975.0
21,IE,45205621584.0,2013,38079102793.1
22,IN,349383165211.0,2013,502568634912.0
23,IT,290633282238.0,2013,95061056156.9
24,JP,525794188516.0,2013,287885025591.0
25,KR,260340669391.0,2013,228008820895.0
26,LT,14264409362.4,2013,8097109849.72
27,LU,13809409818.0,2013,6526448747.93
28,LV,10201722794.9,2013,6460609555.12
29,MT,4668799971.6,2013,2084313944.59
30,MX,148179905236.0,2013,147327449714.0
31,NL,119442162376.0,2013,86996424010.3
32,NO,55792552338.7,2013,39211170446.4
33,PL,81586380453.8,2013,94239954985.8
34,PT,34056436970.7,2013,17997224101.8
35,RO,30599817139.2,2013,25860336442.6
36,RU,305497900752.0,2013,790739179376.0
37,SE,66182264821.5,2013,23599657703.6
38,SI,11804501080.7,2013,6321555296.57
39,SK,31563006163.2,2013,14574128317.0
40,TR,165133348704.0,2013,87054926150.3
41,TW,108426320557.0,2013,145008456086.0
42,US,1539476972950.0,2013,646487658641.0
43,WA,1380842876300.0,2013,1473576763250.0
44,WE,184286872940.0,2013,191287233884.0
45,WF,425283948454.0,2013,482455217708.0
46,WL,471937247872.0,2013,439514322483.0
47,WM,747135577041.0,2013,1120803535890.0
48,ZA,49042476731.1,2013,151025050716.0
0,AT,52567599340.4,2014,21444856402.0
1,AU,196975552126.0,2014,197174370151.0
2,BE,102947378596.0,2014,46970703969.2
3,BG,16818939583.6,2014,23261274155.0
4,BR,202144541376.0,2014,192857683945.0
5,CA,207419954542.0,2014,275052490637.0
6,CH,77448470250.3,2014,18180184545.3
7,CN,1182397733190.0,2014,2435220374420.0
8,CY,5305929865.18,2014,6297549820.09
9,CZ,43126376598.8,2014,40221935793.5
10,DE,455755058931.0,2014,282990612677.0
11,DK,39962867291.1,2014,29832442654.3
12,EE,7442520460.9,2014,9312701794.85
13,ES,152675590872.0,2014,100638327051.0
14,FI,37531186359.4,2014,22940081614.6
15,FR,316073567516.0,2014,112449650118.0
16,GB,353660720681.0,2014,128583925163.0
17,GR,42803492676.2,2014,42952663158.2
18,HR,10032666565.9,2014,7880609345.05
19,HU,33705337346.1,2014,19726864392.2
20,ID,164480775209.0,2014,202051397349.0
21,IE,47730355972.3,2014,43130002929.0
22,IN,345040159277.0,2014,442685986555.0
23,IT,292976443993.0,2014,87125962200.5
24,JP,542964328075.0,2014,286189709598.0
25,KR,267560458474.0,2014,197683387624.0
26,LT,13873050722.3,2014,7188126652.83
27,LU,15116968654.9,2014,6698098982.47
28,LV,9495733842.71,2014,6990558999.24
29,MT,3805478312.9,2014,1220689634.15
30,MX,149040491649.0,2014,134575690518.0
31,NL,118379474220.0,2014,91424222449.6
32,NO,49886322560.3,2014,38780490432.2
33,PL,83419550973.0,2014,94633211968.6
34,PT,32443191950.3,2014,17205682879.3
35,RO,29653689338.2,2014,23415212722.4
36,RU,274611270057.0,2014,732219438542.0
37,SE,64616564217.0,2014,23423952929.7
38,SI,10969396367.8,2014,5946788973.16
39,SK,31632635576.3,2014,14227983023.5
40,TR,150237236000.0,2014,86745797581.0
41,TW,102090318783.0,2014,149642193183.0
42,US,1562794049560.0,2014,632208505943.0
43,WA,1256176189630.0,2014,1401594047450.0
44,WE,140958990239.0,2014,193965964890.0
45,WF,458718313366.0,2014,381170855683.0
46,WL,447753682426.0,2014,419216886606.0
47,WM,728049393262.0,2014,1066486480810.0
48,ZA,42894150814.5,2014,172327518763.0
0,AT,50356627872.1,2015,20535884510.3
1,AU,180359392406.0,2015,209038487983.0
2,BE,106919280438.0,2015,50982821447.3
3,BG,17903411211.5,2015,24054015939.0
4,BR,155353248419.0,2015,241473746825.0
5,CA,190707255088.0,2015,287854884531.0
6,CH,80046166529.9,2015,16735186248.0
7,CN,1260592189170.0,2015,2328187133850.0
8,CY,5547048001.66,2015,6479749011.82
9,CZ,45596182764.7,2015,38752066842.7
10,DE,429281835191.0,2015,285234571774.0
11,DK,42531084916.9,2015,31846440555.7
12,EE,7775399324.41,2015,8615796015.64
13,ES,150705454011.0,2015,97067409318.3
14,FI,34592174528.3,2015,21778283348.6
15,FR,305271729713.0,2015,112374668323.0
16,GB,357622524671.0,2015,118284740598.0
17,GR,40287845207.0,2015,47496008123.7
18,HR,9949164050.88,2015,8489318703.53
19,HU,31227687978.8,2015,20151066251.8
20,ID,156399555069.0,2015,220674749298.0
21,IE,52551421587.3,2015,50311139011.6
22,IN,402448506740.0,2015,430234172786.0
23,IT,292705629213.0,2015,87620259190.8
24,JP,473669897838.0,2015,273786988318.0
25,KR,262717329240.0,2015,205477765006.0
26,LT,12947874176.7,2015,7717289670.2
27,LU,16435823482.8,2015,7265749037.23
28,LV,10598887032.4,2015,7077212734.02
29,MT,6034377431.86,2015,1449915253.21
30,MX,148262653960.0,2015,199874597596.0
31,NL,151461642209.0,2015,95891843092.5
32,NO,47692336776.1,2015,39423203015.6
33,PL,80338354795.9,2015,95859096956.9
34,PT,32378207799.8,2015,17401212251.2
35,RO,30111260391.2,2015,22202433676.7
36,RU,192455650856.0,2015,721217300877.0
37,SE,61943994983.4,2015,23101850217.8
38,SI,11270537831.6,2015,5311835977.61
39,SK,35037090074.1,2015,14199773212.8
40,TR,158908391224.0,2015,85998127150.6
41,TW,104600396869.0,2015,155259717997.0
42,US,1725273906680.0,2015,573361942965.0
43,WA,1138486710180.0,2015,1415069773920.0
44,WE,114448338133.0,2015,192841532615.0
45,WF,401875603202.0,2015,337856921337.0
46,WL,572965385489.0,2015,404039336434.0
47,WM,702452489830.0,2015,1111858315660.0
48,ZA,41385897094.4,2015,162667516229.0
0,AT,51635538614.9,2016,20551366393.2
1,AU,173770617866.0,2016,189099277008.0
2,BE,112866151624.0,2016,47344570134.7
3,BG,19484905274.6,2016,25757585972.3
4,BR,126124079348.0,2016,228540154054.0
5,CA,193108419211.0,2016,272075244531.0
6,CH,85839261278.5,2016,18833592287.4
7,CN,1258300824720.0,2016,2034581140710.0
8,CY,6078089498.7,2016,6861501560.76
9,CZ,41296403805.0,2016,45164371297.1
10,DE,435272552250.0,2016,284375128995.0
11,DK,41864235441.4,2016,30841304667.2
12,EE,6976538722.36,2016,7376758642.25
13,ES,144466343923.0,2016,99992692609.4
14,FI,35230344495.3,2016,22002601681.7
15,FR,290151432383.0,2016,116868885360.0
16,GB,315679829063.0,2016,126094772020.0
17,GR,36971128738.3,2016,43464765292.2
18,HR,9837512765.28,2016,9178125659.12
19,HU,28644275160.3,2016,21885345766.3
20,ID,142469334905.0,2016,213802939889.0
21,IE,65284511053.7,2016,50050687799.4
22,IN,398140691029.0,2016,411844256337.0
23,IT,262082579544.0,2016,85221381664.0
24,JP,443829014284.0,2016,265598094265.0
25,KR,246491246706.0,2016,200560556749.0
26,LT,10548992939.9,2016,7168554649.46
27,LU,14303717820.1,2016,7070167309.19
28,LV,9001189876.62,2016,7001739433.91
29,MT,4873603158.26,2016,1158114485.26
30,MX,139775844790.0,2016,185322585381.0
31,NL,137298706541.0,2016,99048404167.0
32,NO,47756181453.2,2016,39793396328.1
33,PL,80875475031.9,2016,104407441552.0
34,PT,32146319858.6,2016,18628582182.0
35,RO,32812603424.7,2016,23281199746.7
36,RU,180865072497.0,2016,654053954875.0
37,SE,63349219708.5,2016,23736772756.8
38,SI,10107061137.7,2016,5948825921.36
39,SK,31570471397.4,2016,15587858342.8
40,TR,154003553713.0,2016,94058789492.6
41,TW,101004058755.0,2016,145423854146.0
42,US,1632452338880.0,2016,527918238296.0
43,WA,1163521072910.0,2016,1387922412100.0
44,WE,104522001555.0,2016,177795562716.0
45,WF,383683628054.0,2016,315282575136.0
46,WL,413844328946.0,2016,417530695332.0
47,WM,665762104153.0,2016,1117951131460.0
48,ZA,33567058984.3,2016,165482510125.0
0,AT,50902579016.7,2017,21906974075.2
1,AU,187384963490.0,2017,229822940322.0
2,BE,111704874823.0,2017,53346778632.8
3,BG,15923693739.0,2017,27261592137.3
4,BR,150825625668.0,2017,240612462319.0
5,CA,201742040062.0,2017,273029568265.0
6,CH,72394907634.9,2017,18133891633.5
7,CN,1357475860410.0,2017,2081745874200.0
8,CY,6130902842.61,2017,10257214696.6
9,CZ,39418142757.2,2017,43626491426.3
10,DE,441080375307.0,2017,288997988353.0
11,DK,44291108405.2,2017,30111392091.5
12,EE,6794802713.75,2017,8276819715.82
13,ES,147098094465.0,2017,109858922464.0
14,FI,30512251143.9,2017,21610534374.9
15,FR,295449302235.0,2017,120591142016.0
16,GB,316068944497.0,2017,145099794915.0
17,GR,40843614032.0,2017,47830339686.7
18,HR,11033449726.9,2017,10190330353.1
19,HU,30214986651.3,2017,23553937832.6
20,ID,161521052454.0,2017,244657276633.0
21,IE,57833179251.7,2017,57794121936.6
22,IN,461972971758.0,2017,464607916427.0
23,IT,261016149796.0,2017,90667315715.3
24,JP,493302952188.0,2017,304714133470.0
25,KR,310111287989.0,2017,194590975838.0
26,LT,11092882852.6,2017,7980550070.46
27,LU,14051187589.8,2017,7578612755.79
28,LV,8778344248.07,2017,7448821593.67
29,MT,5610612268.63,2017,880872530.399
30,MX,141350116955.0,2017,198818199124.0
31,NL,134222058088.0,2017,105891687461.0
32,NO,40859399053.1,2017,40299060952.8
33,PL,83619102759.6,2017,113020723175.0
34,PT,30859157218.8,2017,21637228667.9
35,RO,34443786549.6,2017,26948651199.5
36,RU,220152136420.0,2017,635956160597.0
37,SE,60256518013.2,2017,22719523505.7
38,SI,10420824188.1,2017,6484676369.27
39,SK,30733485794.1,2017,17242431775.1
40,TR,167809953793.0,2017,112449217296.0
41,TW,102187236274.0,2017,160288470029.0
42,US,1627462149330.0,2017,559895309624.0
43,WA,1188623319910.0,2017,1456477739090.0
44,WE,156297360072.0,2017,169021405057.0
45,WF,438893992731.0,2017,372790810559.0
46,WL,445229832265.0,2017,439465445518.0
47,WM,722600092546.0,2017,1175605334710.0
48,ZA,54531822140.4,2017,211335822931.0
0,AT,55964063159.5,2018,23061400485.9
1,AU,186097379775.0,2018,252986843214.0
2,BE,121672312937.0,2018,54561217700.4
3,BG,18363963164.4,2018,31275220160.0
4,BR,162182309683.0,2018,328438807785.0
5,CA,202911923239.0,2018,333559965732.0
6,CH,71380790484.5,2018,19334600217.9
7,CN,1699481058130.0,2018,2068450722140.0
8,CY,6570150664.8,2018,10568495728.2
9,CZ,47893528731.6,2018,42426358475.0
10,DE,478543431897.0,2018,283928675054.0
11,DK,47526670322.1,2018,31625121394.6
12,EE,8458405940.45,2018,10041118742.4
13,ES,172285353046.0,2018,104691644566.0
14,FI,36027423962.4,2018,21343454601.8
15,FR,319789257026.0,2018,122228185409.0
16,GB,339159394516.0,2018,128871749190.0
17,GR,51372826753.7,2018,55504086846.2
18,HR,13359504391.0,2018,10405833142.2
19,HU,35850080931.9,2018,24080497715.0
20,ID,199830121868.0,2018,285793401954.0
21,IE,58869219170.1,2018,65367174769.9
22,IN,534841690924.0,2018,524666857125.0
23,IT,303395872925.0,2018,88214758864.2
24,JP,537847024858.0,2018,297061103178.0
25,KR,333030191271.0,2018,189582268046.0
26,LT,13494470968.1,2018,9405750532.91
27,LU,15251143420.3,2018,7895669807.82
28,LV,9672464681.13,2018,7080930850.29
29,MT,6380836662.31,2018,849643154.179
30,MX,157744525879.0,2018,282000571091.0
31,NL,146250120951.0,2018,106995783981.0
32,NO,43013696070.4,2018,41359841167.7
33,PL,99492020423.6,2018,118520238127.0
34,PT,34170965586.0,2018,21598837895.0
35,RO,39921492257.2,2018,27665674124.3
36,RU,220528823398.0,2018,915352533165.0
37,SE,63384417656.5,2018,22407199120.8
38,SI,11764590114.2,2018,6638813597.69
39,SK,33366902256.0,2018,17434976135.9
40,TR,168017598068.0,2018,139422759084.0
41,TW,115558740614.0,2018,154875882176.0
42,US,1798936079630.0,2018,610659489760.0
43,WA,1308889812300.0,2018,1701164469400.0
44,WE,184003270402.0,2018,186222000745.0
45,WF,486985114000.0,2018,437038614483.0
46,WL,404241906891.0,2018,450619559717.0
47,WM,730238163349.0,2018,1301294181980.0
48,ZA,64603148971.4,2018,224041271978.0
0,AT,55464349781.9,2019,24313013753.9
1,AU,169438597596.0,2019,248123860185.0
2,BE,112732148768.0,2019,54652262785.8
3,BG,24852358507.1,2019,28719913718.0
4,BR,160659774129.0,2019,277016424726.0
5,CA,207045058543.0,2019,338340975325.0
6,CH,72850018603.8,2019,20238574104.8
7,CN,1692812467480.0,2019,2167471764360.0
8,CY,6625714159.74,2019,10431406105.4
9,CZ,51207552064.1,2019,39026941909.0
10,DE,471941632574.0,2019,259331940005.0
11,DK,47363697878.3,2019,30721431726.6
12,EE,8131996718.68,2019,8745494337.76
13,ES,161883495622.0,2019,104924059975.0
14,FI,34591235774.9,2019,20928191637.1
15,FR,320021470758.0,2019,126493317291.0
16,GB,345791184519.0,2019,135201510187.0
17,GR,53016799370.3,2019,60484438921.1
18,HR,14935529162.1,2019,10807857343.1
19,HU,39388314865.4,2019,26535775783.4
20,ID,182264178723.0,2019,317050963458.0
21,IE,80793843747.0,2019,63420763070.7
22,IN,504874294877.0,2019,475758899562.0
23,IT,304146601795.0,2019,90354625566.2
24,JP,546034882139.0,2019,270376279400.0
25,KR,341273199545.0,2019,180608600208.0
26,LT,12761792345.4,2019,11378183464.9
27,LU,15718905404.6,2019,8278762494.77
28,LV,9952460750.73,2019,7972961256.19
29,MT,6577981529.11,2019,896067416.276
30,MX,157183964932.0,2019,212639606111.0
31,NL,145924063107.0,2019,105346276889.0
32,NO,42921877193.4,2019,47574434787.7
33,PL,100166806016.0,2019,111547329125.0
34,PT,33598656938.1,2019,21631919398.8
35,RO,42458279653.1,2019,27819554918.0
36,RU,226106263883.0,2019,991334979203.0
37,SE,60412387001.9,2019,23562756748.9
38,SI,12944452077.8,2019,6882979490.06
39,SK,37649173154.6,2019,17938406092.8
40,TR,159708152296.0,2019,144048505868.0
41,TW,122499363486.0,2019,142829221670.0
42,US,1789690486490.0,2019,605438306444.0
43,WA,1363550167240.0,2019,1640242226620.0
44,WE,210095955905.0,2019,182180713981.0
45,WF,495972968157.0,2019,477886633865.0
46,WL,379821581678.0,2019,455134134272.0
47,WM,740237691685.0,2019,1374232119300.0
48,ZA,64069361499.0,2019,233287825276.0
