,country,Employment,GWP,ValueAdded,year,type
0,AT,4836.2842436,63646248719.6,184292.389125,1995,pba
1,AU,10572.269327,718440480895.0,299001.803031,1995,pba
2,BE,4891.29405411,92915950162.5,220205.904501,1995,pba
3,BG,4875.86761584,62397869112.2,14519.7813098,1995,pba
4,BR,84620.8183596,849160454561.0,594841.606768,1995,pba
5,CA,14022.3493779,614361395357.0,463259.221176,1995,pba
6,CH,4370.88516964,37844608690.6,269986.026816,1995,pba
7,CN,1414192.91226,12714067628100.0,561532.849863,1995,pba
8,CY,506.418338696,14873225329.6,7594.07022184,1995,pba
9,CZ,6740.10200639,130876632936.0,45982.9229808,1995,pba
10,DE,51285.0559535,795575328974.0,1976773.17839,1995,pba
11,DK,2647.62020033,56438746376.8,141443.47253,1995,pba
12,EE,919.29367349,19916200929.2,3417.95658673,1995,pba
13,ES,19208.3950476,280367165297.0,469887.091119,1995,pba
14,FI,2378.1568327,60961946933.3,102588.722209,1995,pba
15,FR,24235.9524097,366983018933.0,1224003.59511,1995,pba
16,GB,35428.8026574,450033198020.0,1025750.63111,1995,pba
17,GR,3567.68532554,193970694119.0,104653.026815,1995,pba
18,HR,1824.00126903,22179972468.3,17138.8729118,1995,pba
19,HU,4667.35902585,52101768558.6,35503.5994091,1995,pba
20,ID,185240.90662,837387640263.0,180776.787092,1995,pba
21,IE,3693.64738076,99031003592.0,52868.9480057,1995,pba
22,IN,903992.381652,3820955190010.0,284237.553362,1995,pba
23,IT,24190.0812402,357708622925.0,898087.689903,1995,pba
24,JP,48802.5505843,1269032518020.0,4165991.98158,1995,pba
25,KR,37777.1689064,668809421008.0,433165.885811,1995,pba
26,LT,1967.847903,19203683134.6,5121.74176514,1995,pba
27,LU,337.325926932,10974050926.5,16504.931515,1995,pba
28,LV,1338.30334096,11830140175.4,4131.79648815,1995,pba
29,MT,333.164466589,2541084793.38,2826.70013304,1995,pba
30,MX,70816.7634284,787069319472.0,275284.791255,1995,pba
31,NL,8723.93013885,438101672101.0,345785.157517,1995,pba
32,NO,2354.44090948,72946553237.3,116231.385495,1995,pba
33,PL,20243.6006273,352021036624.0,108787.279411,1995,pba
34,PT,5371.34274742,56006875256.2,90306.0034586,1995,pba
35,RO,15079.7399766,95232697854.4,28789.7297622,1995,pba
36,RU,67493.5927169,1952782803730.0,307564.860364,1995,pba
37,SE,3994.66191122,54551434524.3,204363.197179,1995,pba
38,SI,1133.30287113,16549748968.7,16325.3600379,1995,pba
39,SK,3046.30575038,38356359552.6,15322.7790716,1995,pba
40,TR,28658.3655547,399384470196.0,178328.048781,1995,pba
41,TW,14931.9830752,299969414122.0,210361.5928,1995,pba
42,US,213205.874257,4666561999260.0,5840786.69725,1995,pba
43,WA,768485.610168,2771422805080.0,684972.540024,1995,pba
44,WE,211852.35252,625238285129.0,91536.1723545,1995,pba
45,WF,509605.962531,1627771775800.0,277906.42023,1995,pba
46,WL,122059.963745,1262362420010.0,636939.611434,1995,pba
47,WM,44740.1822628,2471273002510.0,451893.708879,1995,pba
48,ZA,15167.2637758,525378178020.0,120362.349616,1995,pba
0,AT,3316.05,55894314466.8,186866.805776,1996,pba
1,AU,7763.31059055,432161757390.0,342243.419309,1996,pba
2,BE,3790.77762091,100387653584.0,219891.046034,1996,pba
3,BG,3119.8,64621068862.5,9683.20755931,1996,pba
4,BR,72216.3,632161245308.0,669152.01547,1996,pba
5,CA,13291.9899161,524788275494.0,496670.583647,1996,pba
6,CH,3675.1,41672025987.9,268148.765307,1996,pba
7,CN,563523.5,3982917319290.0,680277.986025,1996,pba
8,CY,263.474860272,7289034423.9,7887.83646363,1996,pba
9,CZ,5010.39293115,126819268327.0,53074.3419812,1996,pba
10,DE,37958.0,817867431979.0,1966853.09136,1996,pba
11,DK,2714.7,71875355526.2,147777.677538,1996,pba
12,EE,642.5,18335570489.4,3762.51082683,1996,pba
13,ES,12827.2994597,251766184205.0,506127.413399,1996,pba
14,FI,2060.55977909,62352980735.2,104066.042854,1996,pba
15,FR,21266.0,357068851612.0,1264680.556,1996,pba
16,GB,26460.716553,549207615778.0,1114816.25471,1996,pba
17,GR,3876.8,169684596933.0,114876.059777,1996,pba
18,HR,1545.1909068,17776488712.8,18674.0598264,1996,pba
19,HU,3800.6,54367272094.9,36747.8659057,1996,pba
20,ID,80099.9,421136528588.0,209483.17449,1996,pba
21,IE,1189.49309757,49729632118.0,59686.8042526,1996,pba
22,IN,343830.7,1397605826710.0,310031.44491,1996,pba
23,IT,20585.399993,393369354339.0,1033695.49851,1996,pba
24,JP,66915.1,1074314415650.0,3806973.66919,1996,pba
25,KR,20470.5,372189834442.0,480559.997276,1996,pba
26,LT,1528.9985456,22855031510.8,6602.08223738,1996,pba
27,LU,159.074171503,4720636511.42,17150.6336717,1996,pba
28,LV,1105.2,11985333419.5,4700.92069671,1996,pba
29,MT,128.367587065,2271529716.91,2997.69373962,1996,pba
30,MX,31719.4,352390026251.0,323677.228442,1996,pba
31,NL,6850.2,187527406395.0,354788.168475,1996,pba
32,NO,2133.62941163,74675475325.9,128786.247049,1996,pba
33,PL,15212.3999441,377358298756.0,126166.214138,1996,pba
34,PT,4481.15071837,55912239512.1,96586.4419458,1996,pba
35,RO,10778.0,137781707768.0,29273.2619273,1996,pba
36,RU,59563.113447,1785053523260.0,311003.686153,1996,pba
37,SE,4203.19877906,60411204016.7,229775.327235,1996,pba
38,SI,909.3,13127923962.2,16936.87378,1996,pba
39,SK,2243.29998572,44760232612.8,17054.0486535,1996,pba
40,TR,19975.5,208901072070.0,196884.589386,1996,pba
41,TW,9194.20639403,158267338908.0,223295.660105,1996,pba
42,US,128167.5,4577747956440.0,6358290.93487,1996,pba
43,WA,304700.0,1687811816140.0,772551.491557,1996,pba
44,WE,149957.0,601407421869.0,92920.3731959,1996,pba
45,WF,226434.0,1293999467700.0,309562.375044,1996,pba
46,WL,87048.9793588,857202079448.0,679899.9912,1996,pba
47,WM,19411.847816,1196541614780.0,520958.223562,1996,pba
48,ZA,12991.3140699,292768045084.0,117936.61083,1996,pba
0,AT,3099.08,57863930853.2,187642.210538,1997,pba
1,AU,8322.9,440729094419.0,384898.140419,1997,pba
2,BE,3800.7,101850011488.0,222843.693906,1997,pba
3,BG,3040.3978083,63574151205.5,9978.96986263,1997,pba
4,BR,70414.5,655624487395.0,777347.756279,1997,pba
5,CA,12018.53,530908112175.0,577602.737767,1997,pba
6,CH,3272.4,41407062661.1,260245.868488,1997,pba
7,CN,571429.899999,3985323111090.0,847973.089016,1997,pba
8,CY,268.074980674,7559539008.19,8409.52858336,1997,pba
9,CZ,4908.077,126226376038.0,54832.9091763,1997,pba
10,DE,37969.0,838137777653.0,1950589.06066,1997,pba
11,DK,2738.9,83792224192.0,153032.328869,1997,pba
12,EE,615.5,18980126983.5,4539.39921205,1997,pba
13,ES,13131.4,241156048555.0,520371.836154,1997,pba
14,FI,2114.94690248,70504848394.7,111910.775508,1997,pba
15,FR,23822.5841678,367588773117.0,1281206.64287,1997,pba
16,GB,27201.321288,560378874917.0,1373994.91422,1997,pba
17,GR,3924.86861364,168424476932.0,126234.391249,1997,pba
18,HR,1556.6,17771202389.8,21036.0398169,1997,pba
19,HU,3702.7,56049411758.0,41708.0788087,1997,pba
20,ID,85691.5,432006743271.0,222563.02235,1997,pba
21,IE,1285.8,49758171859.4,73036.6910167,1997,pba
22,IN,347060.1,1441621226560.0,375260.178454,1997,pba
23,IT,20705.6,385064008246.0,1095161.62345,1997,pba
24,JP,67154.8,1079179723540.0,3893063.67888,1997,pba
25,KR,20857.4,399260937678.0,502429.491126,1997,pba
26,LT,1522.29883518,24006889211.0,8923.1092522,1997,pba
27,LU,162.5,4529953007.8,17400.0481716,1997,pba
28,LV,1050.24336458,11773421130.1,5751.18703662,1997,pba
29,MT,140.16,2530939027.72,3330.05353033,1997,pba
30,MX,33804.1,370969009285.0,441283.960266,1997,pba
31,NL,6810.72835405,192022729704.0,367539.941085,1997,pba
32,NO,2204.0,76757826769.1,142289.78208,1997,pba
33,PL,15417.1,391700581041.0,140527.508582,1997,pba
34,PT,4490.1,53875729467.7,103194.519532,1997,pba
35,RO,10256.0,138818217522.0,31603.9431165,1997,pba
36,RU,59620.8,1749203173600.0,359633.142337,1997,pba
37,SE,4138.7,65883860340.1,236460.625706,1997,pba
38,SI,899.799493133,13935259392.9,18310.5034508,1997,pba
39,SK,2321.1,43867655557.8,19327.1414793,1997,pba
40,TR,20449.7,225466036449.0,230665.858142,1997,pba
41,TW,9474.7,172484225459.0,262772.431466,1997,pba
42,US,130145.1,4653391295570.0,7563978.83598,1997,pba
43,WA,311522.0,1684993823560.0,861982.890066,1997,pba
44,WE,149480.0,547566777646.0,106904.62296,1997,pba
45,WF,232371.0,1239299077300.0,353467.264223,1997,pba
46,WL,90780.0,879361450347.0,831002.520783,1997,pba
47,WM,19676.3,1242843439230.0,603096.855468,1997,pba
48,ZA,13271.6999993,308900074104.0,136718.589758,1997,pba
0,AT,3552.05,59038222709.6,194679.003216,1998,pba
1,AU,8390.3,451166124074.0,347496.041848,1998,pba
2,BE,3909.6,100896632872.0,230597.315382,1998,pba
3,BG,2894.1,62518057523.4,13407.3950709,1998,pba
4,BR,71760.7,680127420396.0,761587.151274,1998,pba
5,CA,12699.475,539019815769.0,565535.495735,1998,pba
6,CH,3638.9,42070060221.1,271054.82533,1998,pba
7,CN,576250.6,4000945184950.0,917902.613994,1998,pba
8,CY,272.549987686,7634450715.44,9133.76821504,1998,pba
9,CZ,5095.87813785,125185241084.0,59591.0255074,1998,pba
10,DE,37947.0,797948435537.0,1997129.09096,1998,pba
11,DK,2588.07586144,74330716444.1,157872.889659,1998,pba
12,EE,609.9,18608191613.2,5050.32254634,1998,pba
13,ES,13611.6,263427855783.0,552337.749002,1998,pba
14,FI,2197.2,69159668839.4,119559.024157,1998,pba
15,FR,24011.0862664,364236014135.0,1340781.29536,1998,pba
16,GB,27728.7,543114607376.0,1473154.53496,1998,pba
17,GR,3909.6,169301376748.0,128828.668085,1998,pba
18,HR,1566.09985219,18422843431.2,22716.1745093,1998,pba
19,HU,3660.9999209,55685538383.5,43445.5399864,1998,pba
20,ID,86943.5999998,441060330094.0,99592.9052171,1998,pba
21,IE,1362.9,51391159453.4,80386.8417613,1998,pba
22,IN,350400.758624,1482668262840.0,383150.690835,1998,pba
23,IT,20809.1,391769512122.0,1132892.8026,1998,pba
24,JP,67828.6,1065713401450.0,3596922.43362,1998,pba
25,KR,21150.8,420474456450.0,341924.754972,1998,pba
26,LT,1534.1,25006089441.6,10025.6364385,1998,pba
27,LU,164.664449602,4670199110.41,18025.7579975,1998,pba
28,LV,1033.9,11902249408.3,6386.16934232,1998,pba
29,MT,143.959924058,2515783899.17,3546.26821548,1998,pba
30,MX,35787.4717561,388273510366.0,469627.79713,1998,pba
31,NL,7039.7,188069295697.0,390704.255667,1998,pba
32,NO,2263.0,78979257164.8,137510.851292,1998,pba
33,PL,15301.2,374721354292.0,155816.422767,1998,pba
34,PT,4585.0,56969053876.6,110563.028388,1998,pba
35,RO,10880.9,124767855027.0,37443.5900016,1998,pba
36,RU,59122.2,1629823104440.0,243406.003905,1998,pba
37,SE,4062.79999852,60294313847.7,241557.533824,1998,pba
38,SI,920.3,14304892131.2,19752.151246,1998,pba
39,SK,2313.2,44760692431.1,20354.6166989,1998,pba
40,TR,20442.0,238261907686.0,246134.803056,1998,pba
41,TW,9419.92474542,174412585122.0,247596.222927,1998,pba
42,US,118831.7,4768985049240.0,8083861.38614,1998,pba
43,WA,320948.0,1681116926650.0,760664.606989,1998,pba
44,WE,149337.0,534682166172.0,100461.457963,1998,pba
45,WF,238823.989232,1231086236200.0,358717.131043,1998,pba
46,WL,90656.0,948353262446.0,851419.661615,1998,pba
47,WM,20430.0,1256656939870.0,590795.391236,1998,pba
48,ZA,13127.6,325572067474.0,124799.723668,1998,pba
0,AT,3648.76,58237474170.4,203771.323025,1999,pba
1,AU,8571.1,505150542810.0,400232.645717,1999,pba
2,BE,3894.3,111095797578.0,242213.39096,1999,pba
3,BG,2756.99992714,58736711421.1,12795.1552824,1999,pba
4,BR,72346.6,686393704745.0,557394.807664,1999,pba
5,CA,12976.395,551995144348.0,636521.361779,1999,pba
6,CH,3676.9,43285802390.2,280098.914801,1999,pba
7,CN,560603.7,4185885622610.0,1026462.90819,1999,pba
8,CY,276.924994591,7967098087.18,9842.59754811,1999,pba
9,CZ,5079.956,120572716559.0,61149.4058272,1999,pba
10,DE,38407.0,796620113790.0,2058679.2755,1999,pba
11,DK,2339.9,70824633745.6,166977.110352,1999,pba
12,EE,616.4,18084151223.3,5412.83397869,1999,pba
13,ES,14158.1,268485617203.0,595491.383279,1999,pba
14,FI,2268.44213904,65301959151.5,126866.65514,1999,pba
15,FR,19624.0,381061672925.0,1400454.29249,1999,pba
16,GB,28076.3,545225204226.0,1578431.09498,1999,pba
17,GR,4071.96224122,171864901035.0,139945.874058,1999,pba
18,HR,1600.79938568,20184741284.8,21955.6591105,1999,pba
19,HU,3725.9,57524911451.2,46043.6979508,1999,pba
20,ID,87672.1,439434494303.0,153664.560671,1999,pba
21,IE,1412.49254304,53640595742.6,92632.8004183,1999,pba
22,IN,340595.8,1505577927150.0,433281.243377,1999,pba
23,IT,20973.4999998,397850683748.0,1174692.60263,1999,pba
24,JP,67333.0,1035338042090.0,4280426.55478,1999,pba
25,KR,20001.6561503,372484758554.0,466798.700124,1999,pba
26,LT,1532.39255826,24768062697.4,10294.4010659,1999,pba
27,LU,162.998903469,4588121009.09,20862.5285074,1999,pba
28,LV,964.699999703,11906879563.4,7060.66176803,1999,pba
29,MT,146.15,2542857833.73,3840.96683969,1999,pba
30,MX,36711.8,400799044864.0,563176.047102,1999,pba
31,NL,7349.9,188609809428.0,419295.914609,1999,pba
32,NO,2332.1,81104733240.2,152265.954805,1999,pba
33,PL,15185.0,352222362397.0,159533.353207,1999,pba
34,PT,4927.1,61345702206.7,119556.803312,1999,pba
35,RO,11105.5840492,108735263980.0,33949.5097128,1999,pba
36,RU,58457.9,1621640690350.0,185121.859909,1999,pba
37,SE,3986.7,61616587804.2,257150.724878,1999,pba
38,SI,927.197001973,14512974302.8,21308.9717643,1999,pba
39,SK,2246.5,43294192835.0,19533.1183316,1999,pba
40,TR,20952.4,243190603828.0,240566.695437,1999,pba
41,TW,9170.8,185391644024.0,278755.589087,1999,pba
42,US,135189.5,4799533193320.0,9036088.38431,1999,pba
43,WA,366697.0,1707382994670.0,831881.522716,1999,pba
44,WE,148994.0,519715215771.0,85391.1718666,1999,pba
45,WF,245646.0,1200173041430.0,383498.124711,1999,pba
46,WL,92383.0,906425511765.0,863817.625758,1999,pba
47,WM,20668.2,1234067817830.0,674193.721402,1999,pba
48,ZA,12750.7,331382311549.0,130188.107935,1999,pba
0,AT,3689.77,57218582600.6,213078.852087,2000,pba
1,AU,8719.59999851,521482217212.0,442588.77005,2000,pba
2,BE,4033.09999994,108580406868.0,255743.126398,2000,pba
3,BG,2819.5,53355407197.8,14341.7060349,2000,pba
4,BR,74079.5,703950082107.0,706323.183786,2000,pba
5,CA,14740.915,552435822081.0,806381.320702,2000,pba
6,CH,3309.9,44669606461.3,302981.928818,2000,pba
7,CN,563268.6,4113395368660.0,1311532.21451,2000,pba
8,CY,278.583101533,8156427403.22,10786.9911667,2000,pba
9,CZ,4899.702,114894514707.0,66937.521099,2000,pba
10,DE,39031.0,776737854448.0,2103880.35114,2000,pba
11,DK,2813.3,68575801465.3,177737.01114,2000,pba
12,EE,557.5,17216684556.8,6169.66662925,2000,pba
13,ES,15004.3999998,290229767781.0,646250.747652,2000,pba
14,FI,2412.7,66371621180.7,136104.975544,2000,pba
15,FR,25033.0,378375861401.0,1474932.75725,2000,pba
16,GB,27910.8772918,533050507875.0,1795275.02779,2000,pba
17,GR,4098.49999849,174859547160.0,142614.994475,2000,pba
18,HR,1508.2,19754609675.2,23461.722973,2000,pba
19,HU,3855.1,57757192710.1,51124.3086512,2000,pba
20,ID,88672.9,453171947050.0,190236.280209,2000,pba
21,IE,1576.6,56311000248.7,108132.461354,2000,pba
22,IN,354791.133614,1554598069160.0,515534.901372,2000,pba
23,IT,21209.5,398374513654.0,1238446.24743,2000,pba
24,JP,66789.9999967,1058656363460.0,5291814.35289,2000,pba
25,KR,20307.8999982,398908205986.0,623840.827003,2000,pba
26,LT,1539.0,21547930627.7,12478.3186366,2000,pba
27,LU,169.299958044,5297897785.89,23022.4106841,2000,pba
28,LV,1016.1,11154385745.8,8607.09610379,2000,pba
29,MT,148.209999559,2659943631.34,4388.63214096,2000,pba
30,MX,37125.0,393354823811.0,766468.020812,2000,pba
31,NL,7496.3019457,183568820458.0,450890.500584,2000,pba
32,NO,2347.8,85394830842.6,185411.780651,2000,pba
33,PL,14866.6934791,350408767290.0,186466.491757,2000,pba
34,PT,4962.6,67447668859.8,128097.249353,2000,pba
35,RO,10993.5957392,96813755222.2,40535.956308,2000,pba
36,RU,62938.1,1624882166500.0,283203.926166,2000,pba
37,SE,4205.6,61510001810.9,284575.776707,2000,pba
38,SI,912.7,14079792195.2,21969.6983719,2000,pba
39,SK,2215.1,41156385808.9,22433.310863,2000,pba
40,TR,21476.6,243646331769.0,296984.454876,2000,pba
41,TW,8684.2,188491278747.0,351621.867792,2000,pba
42,US,137353.1,4803631996860.0,11100419.0126,2000,pba
43,WA,367642.0,1752760004800.0,992175.231566,2000,pba
44,WE,148838.0,494011496253.0,94508.9783583,2000,pba
45,WF,252473.0,1212634001670.0,456768.004453,2000,pba
46,WL,93344.6369119,898504283552.0,1031218.99346,2000,pba
47,WM,20901.1500862,1278158669460.0,870837.417737,2000,pba
48,ZA,12531.4999994,314728504844.0,149887.117965,2000,pba
0,AT,3525.48,56519161792.9,220339.563782,2001,pba
1,AU,8948.1,572705230910.0,435583.781121,2001,pba
2,BE,4113.7,108189288218.0,264112.528872,2001,pba
3,BG,2597.4,53344868605.1,15836.8125887,2001,pba
4,BR,75019.3,754542534791.0,626112.967297,2001,pba
5,CA,15085.5244859,565564180362.0,825151.458142,2001,pba
6,CH,3302.4,45800325823.2,320705.647854,2001,pba
7,CN,561639.1,4309826023510.0,1495534.35097,2001,pba
8,CY,291.5,8648140244.18,11601.391678,2001,pba
9,CZ,4859.22828201,126141899796.0,75713.1482511,2001,pba
10,DE,39917.0,768024708437.0,2170712.35571,2001,pba
11,DK,2814.49383721,65347792979.7,184000.747936,2001,pba
12,EE,594.6,17349703701.8,6989.19698166,2001,pba
13,ES,15847.6,305382708311.0,700403.291247,2001,pba
14,FI,2450.99996624,66819108591.8,144506.332027,2001,pba
15,FR,25672.0,364667064531.0,1536905.99278,2001,pba
16,GB,28361.2,532571345067.0,1829793.5764,2001,pba
17,GR,4149.7,184052846270.0,152065.804783,2001,pba
18,HR,1611.0,19536616638.6,25881.7340454,2001,pba
19,HU,3812.88546144,53939314650.9,60015.0960843,2001,pba
20,ID,85797.4,462605433061.0,190745.965399,2001,pba
21,IE,1655.8822262,57277399738.8,121907.259451,2001,pba
22,IN,368966.0,1587265251240.0,547854.851112,2001,pba
23,IT,21524.995166,401049384189.0,1303039.69791,2001,pba
24,JP,66646.0,1064246610280.0,4805206.094,2001,pba
25,KR,21184.0,451755089068.0,611496.524079,2001,pba
26,LT,1469.8,20403103624.1,13664.1340831,2001,pba
27,LU,173.8,6372699033.85,23751.9299201,2001,pba
28,LV,984.2,11369165285.6,9324.47075823,2001,pba
29,MT,149.497380315,2493263217.07,4540.45442414,2001,pba
30,MX,37891.4,413997761064.0,844911.70801,2001,pba
31,NL,7651.41688003,185139699228.0,481475.618714,2001,pba
32,NO,2364.4,80691621970.2,194253.132666,2001,pba
33,PL,14952.9383692,345010174714.0,213159.32731,2001,pba
34,PT,5058.6,63514735675.3,135660.788585,2001,pba
35,RO,10792.3999833,98265849953.4,45463.5204245,2001,pba
36,RU,65068.1,1667424887140.0,344797.713944,2001,pba
37,SE,4285.5,58405951684.4,270650.973187,2001,pba
38,SI,919.1,14683066327.3,23310.4815577,2001,pba
39,SK,2178.9,39168224613.2,23906.198267,2001,pba
40,TR,21639.7,264131219843.0,225271.448951,2001,pba
41,TW,9189.48468729,200742750454.0,318276.218191,2001,pba
42,US,139174.0,5017633754270.0,11815343.9035,2001,pba
43,WA,375327.0,1814230758290.0,1002573.61842,2001,pba
44,WE,147900.0,497313024296.0,112645.829319,2001,pba
45,WF,259664.0,1231984410280.0,480344.579138,2001,pba
46,WL,94359.0,918195140302.0,1065208.47525,2001,pba
47,WM,19460.3,1316812030830.0,897223.711076,2001,pba
48,ZA,11443.9,330455337604.0,137823.593595,2001,pba
0,AT,3581.06,60285711371.6,225663.576172,2002,pba
1,AU,9081.09999801,566175204918.0,460206.549405,2002,pba
2,BE,4170.4,105630393706.0,271964.380321,2002,pba
3,BG,2715.89980614,56225054531.5,17346.6984689,2002,pba
4,BR,77654.7,782978270098.0,541487.026555,2002,pba
5,CA,15176.11,570340652209.0,804404.514021,2002,pba
6,CH,3475.1,41692551302.7,328018.48554,2002,pba
7,CN,559974.8,4531132894240.0,1555157.85424,2002,pba
8,CY,305.899985583,8696610751.55,12038.1308187,2002,pba
9,CZ,4757.043,124862586321.0,86924.9218377,2002,pba
10,DE,39809.0,773231608497.0,2187730.78155,2002,pba
11,DK,2826.49951845,65807382825.5,188911.632557,2002,pba
12,EE,590.3,17514370878.1,7796.68751947,2002,pba
13,ES,16497.0,306472424499.0,746009.309216,2002,pba
14,FI,2488.8,74054964288.5,147784.194143,2002,pba
15,FR,26041.0,357083208207.0,1580324.26762,2002,pba
16,GB,27368.8,538724735646.0,1882424.05155,2002,pba
17,GR,4156.6,181431387668.0,162688.181553,2002,pba
18,HR,1524.899941,20477123968.1,28358.4811661,2002,pba
19,HU,3963.4,54669173128.7,71491.9556014,2002,pba
20,ID,90798.9,480139652118.0,220309.858954,2002,pba
21,IE,1712.4,59237966396.4,135313.11749,2002,pba
22,IN,371303.2,1590609146630.0,542274.342331,2002,pba
23,IT,21955.0,396596636283.0,1343877.02154,2002,pba
24,JP,66219.0,1051884493120.0,4351856.6519,2002,pba
25,KR,21600.498281,462539598439.0,663332.188047,2002,pba
26,LT,1402.4,19366379130.8,15077.014953,2002,pba
27,LU,182.184797377,7196024229.48,24976.103083,2002,pba
28,LV,1004.5,11476808256.7,10094.2168584,2002,pba
29,MT,154.6,2921240279.38,4724.1371478,2002,pba
30,MX,37930.3,409372575807.0,816528.881843,2002,pba
31,NL,7925.79999674,188209844842.0,498768.420593,2002,pba
32,NO,2372.1,79272067632.0,206773.165031,2002,pba
33,PL,14693.9,343196700623.0,210522.876936,2002,pba
34,PT,5165.98134032,64639391842.8,141880.49297,2002,pba
35,RO,10422.5953193,103721845504.0,48830.3266667,2002,pba
36,RU,65119.0,1661636099910.0,367965.694044,2002,pba
37,SE,4492.29999998,58662277384.7,282200.108268,2002,pba
38,SI,935.2,15318645633.7,24840.3117283,2002,pba
39,SK,2173.9,39379526392.1,26238.0527332,2002,pba
40,TR,21588.1992531,249017315685.0,254070.437522,2002,pba
41,TW,8538.0,203679748155.0,304180.716091,2002,pba
42,US,139220.0,5003701580930.0,11565585.8714,2002,pba
43,WA,392807.0,1852658393880.0,1014222.72621,2002,pba
44,WE,149251.0,503217483538.0,123171.179102,2002,pba
45,WF,268625.0,1238328646840.0,487778.189088,2002,pba
46,WL,96822.5435099,919471257386.0,795031.155058,2002,pba
47,WM,21311.8,1372842284110.0,890104.548493,2002,pba
48,ZA,11137.9,318793899842.0,122407.007882,2002,pba
0,AT,3779.6884083,60294283484.9,231334.589322,2003,pba
1,AU,9245.5,489726724255.0,493654.644972,2003,pba
2,BE,4162.2,100299978751.0,280560.004341,2003,pba
3,BG,2714.5,52671648882.3,18692.4997435,2003,pba
4,BR,78752.1,804943809413.0,494096.664443,2003,pba
5,CA,15608.92,571212719114.0,791703.597639,2003,pba
6,CH,3464.2,39667384475.1,320965.832336,2003,pba
7,CN,562223.5,4843254652730.0,1467715.86708,2003,pba
8,CY,316.199998904,9362376705.54,12844.0311737,2003,pba
9,CZ,4873.144,122751360588.0,88481.6721899,2003,pba
10,DE,39629.9642608,774196177900.0,2206535.01954,2003,pba
11,DK,2844.79999995,65357355620.4,192801.343644,2003,pba
12,EE,596.29998312,17096838262.9,8732.13553433,2003,pba
13,ES,17200.0999999,327750002437.0,800439.51762,2003,pba
14,FI,2485.27743458,75194179747.5,151403.519979,2003,pba
15,FR,26161.0,351952257095.0,1626953.53716,2003,pba
16,GB,28893.5,529223776594.0,1813128.77466,2003,pba
17,GR,4237.58998091,182747208484.0,178497.452108,2003,pba
18,HR,1559.09985635,21594461768.6,30663.6422451,2003,pba
19,HU,3792.3,53741526723.7,75408.4305025,2003,pba
20,ID,89890.7,484280953563.0,220976.32003,2003,pba
21,IE,1716.26131992,59559800994.4,145202.270296,2003,pba
22,IN,368070.8,1625476041570.0,529942.035457,2003,pba
23,IT,22357.7631719,404635785455.0,1391517.96566,2003,pba
24,JP,65267.5,1084577881310.0,3930038.40639,2003,pba
25,KR,22191.0,451104536902.0,621211.876636,2003,pba
26,LT,1440.60868285,18869651300.3,16603.58035,2003,pba
27,LU,182.299951704,7982604503.55,26128.169454,2003,pba
28,LV,1022.92937903,11081531116.8,10386.2632732,2003,pba
29,MT,155.2,2769666465.41,4787.60167015,2003,pba
30,MX,38798.0,418380446639.0,644744.540323,2003,pba
31,NL,7701.0,188759124582.0,511642.508882,2003,pba
32,NO,2379.2,80045082689.6,202314.32823,2003,pba
33,PL,14236.7944844,334504825048.0,192564.233608,2003,pba
34,PT,5226.7,68420791289.6,145735.311976,2003,pba
35,RO,9359.3,102477678582.0,52924.0128666,2003,pba
36,RU,66655.0,1673399414750.0,384158.73995,2003,pba
37,SE,4502.39999999,57843039762.8,295559.618146,2003,pba
38,SI,946.0,15209239572.6,26198.4920043,2003,pba
39,SK,2195.2,38430299840.5,30040.5230075,2003,pba
40,TR,21423.9,257247186858.0,278107.786621,2003,pba
41,TW,8907.3,219059574870.0,263137.180531,2003,pba
42,US,138817.0,4974373085420.0,10129283.9463,2003,pba
43,WA,416161.0,1928880668270.0,928669.932993,2003,pba
44,WE,150600.0,508653179840.0,126142.896426,2003,pba
45,WF,276500.0,1296056975750.0,476155.088888,2003,pba
46,WL,99675.0,950245858878.0,697052.691563,2003,pba
47,WM,23275.8038742,1450158055930.0,794835.687948,2003,pba
48,ZA,11224.9,328951470013.0,154929.03732,2003,pba
0,AT,3604.56,62772164761.0,241914.380873,2004,pba
1,AU,9465.0834852,533847859149.0,545331.150432,2004,pba
2,BE,4160.2,102030920989.0,296288.299971,2004,pba
3,BG,2894.2,56538371333.7,21028.8179576,2004,pba
4,BR,79960.8,830028702649.0,538057.176575,2004,pba
5,CA,15942.02,583455347175.0,825372.211137,2004,pba
6,CH,3937.7,41904935757.6,326017.107575,2004,pba
7,CN,554292.1,5512273785250.0,1571948.93513,2004,pba
8,CY,326.332215067,9942262086.15,13913.0190432,2004,pba
9,CZ,4747.82201477,126557599419.0,96321.7842735,2004,pba
10,DE,39200.0,797585745398.0,2258469.38209,2004,pba
11,DK,2807.00417422,72053682433.9,202086.063874,2004,pba
12,EE,603.7,19024579558.4,9763.12303206,2004,pba
13,ES,17869.1,332918370198.0,857898.339168,2004,pba
14,FI,2478.3,83196536772.4,158473.773563,2004,pba
15,FR,26164.0,356045337349.0,1700968.27343,2004,pba
16,GB,29179.3391101,534171067627.0,1939169.83892,2004,pba
17,GR,4341.2,182836952197.0,193369.011733,2004,pba
18,HR,1588.1,23160631285.5,33438.4947393,2004,pba
19,HU,4028.3,55188115046.0,83575.8508096,2004,pba
20,ID,91221.6,532973649946.0,219841.608523,2004,pba
21,IE,1785.4,59670960795.2,155909.782142,2004,pba
22,IN,369934.774335,1657150944080.0,565261.643439,2004,pba
23,IT,22651.7,416248893180.0,1449718.89509,2004,pba
24,JP,65018.6,1094584959080.0,3871025.02513,2004,pba
25,KR,22152.73068,454233599160.0,637652.210766,2004,pba
26,LT,1489.4,17116713266.0,18188.1790601,2004,pba
27,LU,181.6,7997485770.61,27885.5126777,2004,pba
28,LV,1049.7,10949935420.7,11578.2659437,2004,pba
29,MT,156.1,3011113800.5,4858.890636,2004,pba
30,MX,39085.218314,434288892406.0,628863.182208,2004,pba
31,NL,8150.3,188733603812.0,528338.412641,2004,pba
32,NO,2342.2910998,79203100500.7,212645.970464,2004,pba
33,PL,14057.6,344337546190.0,205086.643144,2004,pba
34,PT,5185.3,62523810657.3,151975.815803,2004,pba
35,RO,8954.0,108619417002.0,61273.0702618,2004,pba
36,RU,66426.1,1722216450170.0,479721.065197,2004,pba
37,SE,4505.0,59411920768.5,309605.871541,2004,pba
38,SI,920.4,15160320622.4,27667.1103854,2004,pba
39,SK,2249.21941385,39746300234.0,34669.0534015,2004,pba
40,TR,21216.9,263534443743.0,328696.324991,2004,pba
41,TW,9447.6762521,231816046757.0,270590.28616,2004,pba
42,US,123653.916169,4944749742430.0,9818900.23314,2004,pba
43,WA,444073.0,2004972501050.0,960317.796224,2004,pba
44,WE,151951.0,539800249000.0,141751.904098,2004,pba
45,WF,284300.0,1303866031400.0,520798.766303,2004,pba
46,WL,102991.0,978777907416.0,742355.353373,2004,pba
47,WM,25283.1,1503265556230.0,851643.759562,2004,pba
48,ZA,11388.1,351006123737.0,183769.137894,2004,pba
0,AT,3828.33,64472230818.2,253971.995593,2005,pba
1,AU,9623.3,505821478298.0,611638.54399,2005,pba
2,BE,4200.2,99755112196.6,309911.871233,2005,pba
3,BG,2959.5,55451266891.7,24008.2196948,2005,pba
4,BR,84364.7,857181574156.0,716689.837305,2005,pba
5,CA,16208.255,573917492747.0,942977.353056,2005,pba
6,CH,3458.6,45642218149.4,338037.801126,2005,pba
7,CN,557997.3,6247204875180.0,1837441.68863,2005,pba
8,CY,337.299879078,9749863914.74,15025.7296922,2005,pba
9,CZ,4828.886,127367083512.0,110235.009983,2005,pba
10,DE,38898.0,795492670311.0,2287382.02741,2005,pba
11,DK,2855.56309064,67640136710.2,212576.856445,2005,pba
12,EE,609.32397978,18738910992.5,11330.0273694,2005,pba
13,ES,18483.4,347006267033.0,926980.931252,2005,pba
14,FI,2460.69995915,80071659209.9,164620.214896,2005,pba
15,FR,26192.0,352884977448.0,1765188.87699,2005,pba
16,GB,29394.3,528622310845.0,2035852.45463,2005,pba
17,GR,4385.4,184196564838.0,199161.513567,2005,pba
18,HR,1638.29980067,22412077681.5,36481.3666627,2005,pba
19,HU,3993.2,53303111577.3,90813.3974185,2005,pba
20,ID,96948.9500596,530736808199.0,244652.240045,2005,pba
21,IE,1823.76657942,60186729337.3,170161.836704,2005,pba
22,IN,366990.5,1744728472130.0,662013.968339,2005,pba
23,IT,23021.0,427103212611.0,1493029.58984,2005,pba
24,JP,65021.2,1100373539680.0,3822369.68696,2005,pba
25,KR,22587.0,477534985806.0,751467.809471,2005,pba
26,LT,1446.9573062,17651702711.4,20989.8653286,2005,pba
27,LU,180.987468831,8297547306.16,30018.861588,2005,pba
28,LV,1072.14722561,10848989059.6,13631.4639012,2005,pba
29,MT,152.499105811,2941647408.99,5138.74655275,2005,pba
30,MX,40400.7,441051027153.0,705310.579829,2005,pba
31,NL,8029.71887003,190672506657.0,550659.601805,2005,pba
32,NO,2355.27343232,78784231486.7,248279.305563,2005,pba
33,PL,14068.3,348030510666.0,246078.219825,2005,pba
34,PT,5189.2,62676588378.3,158488.406521,2005,pba
35,RO,9224.7,102814624620.0,79137.026355,2005,pba
36,RU,62442.0,1716560874630.0,620123.320715,2005,pba
37,SE,4461.5,58074892981.3,315263.002325,2005,pba
38,SI,965.499778839,15394558730.2,29100.8280157,2005,pba
39,SK,2224.0,38993478998.2,39412.7703045,2005,pba
40,TR,21842.8,274189719046.0,406972.65221,2005,pba
41,TW,9672.1,240549664156.0,289592.732264,2005,pba
42,US,141572.0,5036935934880.0,10478769.3915,2005,pba
43,WA,461459.0,2119121212920.0,1081920.08797,2005,pba
44,WE,153299.946142,521324157682.0,171985.221362,2005,pba
45,WF,292032.951165,1357672602260.0,625031.148027,2005,pba
46,WL,102080.106293,1019757936620.0,887457.718239,2005,pba
47,WM,26457.2,1611710346220.0,1034621.74104,2005,pba
48,ZA,11616.9999996,374948205952.0,207195.255908,2005,pba
0,AT,3873.69467736,65742317799.8,267586.290085,2006,pba
1,AU,9968.5,546363452914.0,651667.716513,2006,pba
2,BE,4260.2,97936075782.0,324862.362643,2006,pba
3,BG,3010.98884856,55417129807.1,27381.7463823,2006,pba
4,BR,86981.6,869596647257.0,882149.340095,2006,pba
5,CA,14902.0499988,585378952010.0,1050759.71606,2006,pba
6,CH,3466.7,45395963254.5,353445.816688,2006,pba
7,CN,571854.6,6961614700800.0,2191875.48421,2006,pba
8,CY,348.897806292,10323744999.4,16251.5488616,2006,pba
9,CZ,4922.64,124595507005.0,124453.815647,2006,pba
10,DE,39326.0,786654633459.0,2382959.09412,2006,pba
11,DK,2695.3999993,64729731552.3,225299.41348,2006,pba
12,EE,622.1,19313601043.4,13556.1368227,2006,pba
13,ES,19692.5,359966430030.0,1002930.36156,2006,pba
14,FI,2478.47344389,67554666394.0,172743.253265,2006,pba
15,FR,26375.8924421,354020266638.0,1846507.55227,2006,pba
16,GB,29816.0,526439476280.0,2155209.54599,2006,pba
17,GR,4423.77356667,188921695067.0,217667.837222,2006,pba
18,HR,1629.5,23634522738.2,40170.1817672,2006,pba
19,HU,3923.8,51833539184.7,92049.4238003,2006,pba
20,ID,95355.3,552304581254.0,309149.279111,2006,pba
21,IE,1933.98537092,63273124988.5,184749.687174,2006,pba
22,IN,371989.6,1843646520740.0,747902.530606,2006,pba
23,IT,23175.2,427554788427.0,1551306.09052,2006,pba
24,JP,65234.8,1103100646280.0,3608136.96281,2006,pba
25,KR,22885.2,476421459207.0,838815.61996,2006,pba
26,LT,1475.1738532,17239507790.4,24033.149386,2006,pba
27,LU,186.3,8223757127.17,33778.3812161,2006,pba
28,LV,1079.0,11430083745.3,17137.4144634,2006,pba
29,MT,155.49885037,3177546694.29,5402.12690454,2006,pba
30,MX,40540.0,461830069709.0,776826.539433,2006,pba
31,NL,8048.6,186051541325.0,584026.198967,2006,pba
32,NO,2366.2,78200096468.3,275230.62584,2006,pba
33,PL,14508.0410227,345840747746.0,274471.671229,2006,pba
34,PT,5184.3,66661771300.4,166112.623726,2006,pba
35,RO,8790.7,101389982014.0,97183.5947057,2006,pba
36,RU,68162.0,1758640297640.0,796131.836271,2006,pba
37,SE,4477.6,56426651391.3,336962.90064,2006,pba
38,SI,973.8,15541917463.7,31442.1211193,2006,pba
39,SK,2291.9,40458723809.1,45536.106557,2006,pba
40,TR,22321.8,287036237861.0,443673.141699,2006,pba
41,TW,9619.2,247326524943.0,291964.008619,2006,pba
42,US,127070.0,5106551676470.0,11002396.4638,2006,pba
43,WA,466145.0,2203226526460.0,1232951.94248,2006,pba
44,WE,154651.0,511814149416.0,202676.876098,2006,pba
45,WF,299341.0,1364188429440.0,742304.587688,2006,pba
46,WL,104141.0,1061302783770.0,1021810.35953,2006,pba
47,WM,27778.2,1722807773890.0,1207663.07841,2006,pba
48,ZA,12272.1,377266889099.0,216340.122495,2006,pba
0,AT,3941.43,65057307999.2,283598.318703,2007,pba
1,AU,10218.3,541315997120.0,718817.508434,2007,pba
2,BE,4307.1,102023288100.0,343159.514503,2007,pba
3,BG,3121.9,56786605535.8,32399.5292296,2007,pba
4,BR,89098.0,883694624560.0,1019419.37053,2007,pba
5,CA,16725.35,584263316240.0,1071742.04916,2007,pba
6,CH,3527.8,44809107326.8,360125.081745,2007,pba
7,CN,588671.8,7600355867670.0,2590534.29981,2007,pba
8,CY,356.7,11554102494.4,17549.6720812,2007,pba
9,CZ,4988.977,124780739285.0,138769.874695,2007,pba
10,DE,39635.0,807643512031.0,2496208.34149,2007,pba
11,DK,2915.3,75036121923.5,233070.646652,2007,pba
12,EE,659.3,18872553420.3,16374.1549445,2007,pba
13,ES,20445.2,349549585549.0,1074101.10756,2007,pba
14,FI,2523.3,81789813487.5,186821.902682,2007,pba
15,FR,26667.0,351946497552.0,1938764.58796,2007,pba
16,GB,30071.1505433,527602196603.0,2257265.76878,2007,pba
17,GR,4510.4,188293785049.0,232383.502358,2007,pba
18,HR,1633.49999987,24047947546.5,43904.6723309,2007,pba
19,HU,4033.1,51749031854.9,102127.673186,2007,pba
20,ID,98016.8,584424582992.0,335784.421835,2007,pba
21,IE,2025.24085628,63287326568.7,196865.966761,2007,pba
22,IN,372912.8,1945743497440.0,864446.90873,2007,pba
23,IT,23594.4,425612817850.0,1612680.91414,2007,pba
24,JP,65604.4,1098190553670.0,3294610.28532,2007,pba
25,KR,23187.7923311,486351813034.0,855610.459622,2007,pba
26,LT,1468.99719473,17634553079.1,28961.1851933,2007,pba
27,LU,192.2,8531611686.99,37129.166417,2007,pba
28,LV,1136.55411977,12500373667.6,22624.2926672,2007,pba
29,MT,152.094270634,2988373161.73,5786.47161524,2007,pba
30,MX,41885.4,480066302038.0,768111.700121,2007,pba
31,NL,8232.5,180648885519.0,618342.229123,2007,pba
32,NO,2440.0,81330919340.1,292549.711896,2007,pba
33,PL,14999.4999683,353781444985.0,313039.588057,2007,pba
34,PT,5225.4,61857624345.3,175248.796531,2007,pba
35,RO,9225.1,106499761380.0,127390.574928,2007,pba
36,RU,68851.1,1819659856970.0,957626.476427,2007,pba
37,SE,4571.1,56409620185.6,358449.302976,2007,pba
38,SI,985.9,16017070339.6,35026.5663545,2007,pba
39,SK,2344.2,40049964252.0,56225.1075927,2007,pba
40,TR,20488.3,315346481281.0,497133.290003,2007,pba
41,TW,10110.5,257480806672.0,274940.776169,2007,pba
42,US,146683.0,5062133726620.0,10544954.3962,2007,pba
43,WA,467728.0,2265768079330.0,1343222.40005,2007,pba
44,WE,156000.0,522745285283.0,238871.855864,2007,pba
45,WF,306807.0,1402216536530.0,800101.45404,2007,pba
46,WL,105486.026383,1091911474270.0,1106810.90468,2007,pba
47,WM,31410.873592,1807499940700.0,1318335.03087,2007,pba
48,ZA,12767.9,376931295880.0,218472.708481,2007,pba
0,AT,3919.37,64220916361.5,292568.824488,2008,pba
1,AU,10512.2,521279402502.0,718663.643192,2008,pba
2,BE,4378.6,100579778272.0,350314.529508,2008,pba
3,BG,3235.9,60235813935.7,37012.6845576,2008,pba
4,BR,90573.3,897463428926.0,1153015.6322,2008,pba
5,CA,17098.95,606960959582.0,1055841.99834,2008,pba
6,CH,4079.6,41491513239.3,387754.598002,2008,pba
7,CN,602132.2,8150698851490.0,3123699.07658,2008,pba
8,CY,377.687415655,12339396203.0,18932.3943529,2008,pba
9,CZ,5093.09087341,128741747847.0,161012.338972,2008,pba
10,DE,40325.0,817618487186.0,2536147.6778,2008,pba
11,DK,2912.7,71694415599.7,240249.468971,2008,pba
12,EE,664.185619816,21890787189.9,16550.7153802,2008,pba
13,ES,21092.9,359535977953.0,1105034.70682,2008,pba
14,FI,2570.6,79867142730.0,193476.01154,2008,pba
15,FR,27042.0,352011329774.0,1984288.14183,2008,pba
16,GB,30263.6,515137240752.0,1986410.96238,2008,pba
17,GR,4567.4,193559949974.0,241007.569397,2008,pba
18,HR,1672.9,25165768034.9,47769.8202457,2008,pba
19,HU,4026.59527255,51617808282.4,107517.198702,2008,pba
20,ID,98831.4,607391000531.0,369359.445741,2008,pba
21,IE,2100.75403299,62220172579.5,186857.481675,2008,pba
22,IN,373531.2,2080980687920.0,861755.589731,2008,pba
23,IT,23798.8,419492600737.0,1631048.04269,2008,pba
24,JP,65825.0,1150887809480.0,3425284.7152,2008,pba
25,KR,23348.4,505279638232.0,712088.007821,2008,pba
26,LT,1493.91409525,17867572342.3,32528.307852,2008,pba
27,LU,194.799231535,7968639314.26,37973.7254656,2008,pba
28,LV,1073.3,13078263871.1,24309.2942457,2008,pba
29,MT,161.696210029,3163507110.87,6103.80887924,2008,pba
30,MX,42599.1820413,482238336826.0,754682.758625,2008,pba
31,NL,8462.39999486,183453993678.0,644569.468081,2008,pba
32,NO,2520.60560526,83174649245.3,314284.742997,2008,pba
33,PL,15647.9925668,354266613660.0,362795.657698,2008,pba
34,PT,5237.49999981,57496052089.0,178375.372422,2008,pba
35,RO,9282.7,103031250951.0,145714.695483,2008,pba
36,RU,70556.1,1798299204700.0,1140268.67096,2008,pba
37,SE,4680.39999976,54116257937.2,351989.539473,2008,pba
38,SI,1005.89999444,15608805328.0,37771.6661564,2008,pba
39,SK,2436.88417064,39190703524.3,65769.112779,2008,pba
40,TR,20815.3,338948814569.0,523830.09828,2008,pba
41,TW,10086.4,259953382686.0,269219.15508,2008,pba
42,US,148290.0,5101978880370.0,10003294.1256,2008,pba
43,WA,495106.0,2328531884200.0,1408821.02016,2008,pba
44,WE,158700.0,535745415614.0,272084.12418,2008,pba
45,WF,322316.0,1434070212660.0,915504.261504,2008,pba
46,WL,112925.0,1113804320640.0,1224378.08556,2008,pba
47,WM,34684.7,1877841668710.0,1531255.82886,2008,pba
48,ZA,13184.0,383234351873.0,194974.87101,2008,pba
0,AT,4060.15115385,63377982232.1,286885.713701,2009,pba
1,AU,10740.3,531697121422.0,727585.113765,2009,pba
2,BE,4457.89999994,98639390940.7,345079.535087,2009,pba
3,BG,3353.1,55714816011.8,37280.9399097,2009,pba
4,BR,91527.8,908033584243.0,1195150.77024,2009,pba
5,CA,17377.5093057,584489069764.0,985535.182695,2009,pba
6,CH,3414.1,42949843878.2,400185.316188,2009,pba
7,CN,586445.2,8377911348290.0,3657650.16162,2009,pba
8,CY,390.1,14513365290.6,18600.4005437,2009,pba
9,CZ,5204.079,122071622340.0,148719.742476,2009,pba
10,DE,40856.0,790788992684.0,2435895.02941,2009,pba
11,DK,2847.9,70574676293.0,230315.02257,2009,pba
12,EE,654.599872295,20112212273.3,14161.7908241,2009,pba
13,ES,20467.7,327122307302.0,1065022.95042,2009,pba
14,FI,2352.8,71053821649.7,181016.144019,2009,pba
15,FR,27167.0,343806730803.0,1928635.10062,2009,pba
16,GB,29238.8792816,505119379552.0,1729507.7333,2009,pba
17,GR,4558.0,182063482275.0,236578.989517,2009,pba
18,HR,1633.8,23903738347.9,44880.4040642,2009,pba
19,HU,3809.3,49027484927.2,93748.4473888,2009,pba
20,ID,104641.3,620931587173.0,411890.690935,2009,pba
21,IE,2092.2,63528861056.7,169102.993581,2009,pba
22,IN,373847.8,2153349707730.0,942952.559341,2009,pba
23,IT,23368.3465049,405884363647.0,1570913.30888,2009,pba
24,JP,65521.8,1072113877880.0,3750633.2698,2009,pba
25,KR,23678.7,526469174385.0,676757.869385,2009,pba
26,LT,1425.48503409,17400597602.1,26804.4036944,2009,pba
27,LU,191.399697722,7580508667.09,36827.8239893,2009,pba
28,LV,1054.59999899,13044166914.5,18869.9050624,2009,pba
29,MT,158.399998464,2927418358.63,6113.91495691,2009,pba
30,MX,43529.6999996,490208057214.0,645287.507699,2009,pba
31,NL,8104.2,183674719280.0,622329.33397,2009,pba
32,NO,2447.19999507,80216506810.5,276877.214075,2009,pba
33,PL,15791.8,341643375568.0,315265.010121,2009,pba
34,PT,5195.5,55412751050.0,174711.037999,2009,pba
35,RO,9182.89627301,98662312411.8,124822.389256,2009,pba
36,RU,67062.9,1776455654860.0,885155.685042,2009,pba
37,SE,4572.19999993,52664340097.3,312973.846515,2009,pba
38,SI,991.399999605,15915093802.3,36109.135806,2009,pba
39,SK,2381.6,38230864522.6,63837.7728285,2009,pba
40,TR,21487.5,339512922708.0,465507.183009,2009,pba
41,TW,10046.6,250262318454.0,256301.015907,2009,pba
42,US,147644.0,4934338542960.0,10359142.5294,2009,pba
43,WA,497754.0,2438589224520.0,1450095.33287,2009,pba
44,WE,159300.0,527257969320.0,217842.786159,2009,pba
45,WF,328615.0,1435668237820.0,865785.898262,2009,pba
46,WL,114711.353793,1155937745790.0,1265968.57879,2009,pba
47,WM,35387.0035889,2001569150500.0,1477228.97979,2009,pba
48,ZA,13710.0,414693517066.0,212171.905477,2009,pba
0,AT,4072.62,58638594182.6,295611.938255,2010,pba
1,AU,10920.6,519473106430.0,980209.003884,2010,pba
2,BE,4448.89913876,85593543157.8,362790.698871,2010,pba
3,BG,3209.19921272,48795829145.1,37990.1617226,2010,pba
4,BR,92483.0,904822032558.0,1666167.38975,2010,pba
5,CA,15836.85,557625195319.0,1219934.17403,2010,pba
6,CH,4030.8,40557395138.8,455181.785776,2010,pba
7,CN,565957.4,8941712607340.0,4591681.65783,2010,pba
8,CY,389.698284388,14001965602.1,19391.3243541,2010,pba
9,CZ,5110.1,114964012472.0,157705.318672,2010,pba
10,DE,40892.0,747632562957.0,2561932.621,2010,pba
11,DK,2732.4,69077392985.0,242887.04107,2010,pba
12,EE,593.0,17869988032.8,14855.2525376,2010,pba
13,ES,19104.8,290823459166.0,1071676.87566,2010,pba
14,FI,2446.23058829,67423630267.1,187961.975165,2010,pba
15,FR,26858.0,332583353470.0,1993369.20037,2010,pba
16,GB,28687.2623482,462941252310.0,1871901.26348,2010,pba
17,GR,4487.84611197,173129272812.0,223908.386433,2010,pba
18,HR,1604.7,21937128069.1,45114.1621736,2010,pba
19,HU,3782.0,43918369151.6,99507.064986,2010,pba
20,ID,107068.6,650151854553.0,569581.472124,2010,pba
21,IE,1869.8,60618479898.2,167512.380024,2010,pba
22,IN,374535.0,2307081632730.0,1259425.0372,2010,pba
23,IT,23001.8,365742845265.0,1609729.08143,2010,pba
24,JP,63020.0,985769589541.0,4299689.30734,2010,pba
25,KR,23470.9844854,541820234721.0,862990.855638,2010,pba
26,LT,1317.3,16304209302.7,28014.2300166,2010,pba
27,LU,199.361360181,7365535475.28,40139.1542674,2010,pba
28,LV,908.195670367,11949730364.2,18011.2888895,2010,pba
29,MT,159.1,2863610382.68,6593.15018418,2010,pba
30,MX,44550.9300932,475655607414.0,797918.532076,2010,pba
31,NL,7901.02888834,179925104231.0,638571.995875,2010,pba
32,NO,2497.8,76751184957.9,323419.354656,2010,pba
33,PL,15858.7,333992541076.0,361947.785336,2010,pba
34,PT,5051.6,56849408658.1,179437.96358,2010,pba
35,RO,9069.4,85747509303.0,125386.724108,2010,pba
36,RU,69253.1,1678578999700.0,1161533.59137,2010,pba
37,SE,4483.9,49199064099.8,374000.57241,2010,pba
38,SI,975.1,14285082652.2,36328.9208759,2010,pba
39,SK,2360.2,34231137626.8,68123.043184,2010,pba
40,TR,21265.2,336715870057.0,586080.906412,2010,pba
41,TW,10276.6,232871621995.0,312931.842857,2010,pba
42,US,142184.0,4615123017870.0,11308781.7757,2010,pba
43,WA,533626.0,2368533522440.0,1796304.71378,2010,pba
44,WE,159900.0,474029799379.0,242687.114275,2010,pba
45,WF,335848.0,1486840583640.0,1043950.13229,2010,pba
46,WL,116412.0,1135254072000.0,1583402.52117,2010,pba
47,WM,36984.8,2060170990410.0,1805212.79448,2010,pba
48,ZA,13303.1,408454962623.0,283132.169358,2010,pba
0,AT,4110.59,63379998555.7,309712.866443,2011,pba
1,AU,11214.6,621258025898.0,1111127.10355,2011,pba
2,BE,4479.0,92235402390.4,375463.735046,2011,pba
3,BG,3044.2,51678106237.4,41210.7018628,2011,pba
4,BR,92920.9496117,949666280151.0,1879422.84967,2011,pba
5,CA,17384.845,576517230057.0,1287954.53889,2011,pba
6,CH,3550.4,41501187457.0,518705.633717,2011,pba
7,CN,600768.1,9684005144380.0,5424960.93621,2011,pba
8,CY,401.7,13286050850.4,19776.4498585,2011,pba
9,CZ,5057.241,116333104462.0,164915.756752,2011,pba
10,DE,41020.0,782578775108.0,2689948.70882,2011,pba
11,DK,2703.1,71579685503.7,247128.742597,2011,pba
12,EE,566.847449917,21397005727.7,16804.260062,2011,pba
13,ES,18721.9,286745357631.0,1062336.79901,2011,pba
14,FI,2435.0,74632756124.4,197732.541488,2011,pba
15,FR,26875.0,343836152786.0,2055609.31772,2011,pba
16,GB,28690.7,475449696486.0,1910834.79952,2011,pba
17,GR,4387.3,172267367460.0,203035.643005,2011,pba
18,HR,1539.7,21057861492.7,44794.9634918,2011,pba
19,HU,3780.3,45264581728.6,101838.88108,2011,pba
20,ID,109587.9,674660704566.0,641500.793484,2011,pba
21,IE,1872.5,61237103026.8,170721.653956,2011,pba
22,IN,374285.6,2409107368190.0,1344768.68573,2011,pba
23,IT,22859.4,369416251928.0,1646545.2915,2011,pba
24,JP,62760.0,1049167200330.0,4423462.3526,2011,pba
25,KR,23815.6,592808757406.0,900303.891128,2011,pba
26,LT,1247.6,17352664903.4,31309.0868316,2011,pba
27,LU,197.1,8217033806.84,43106.7745937,2011,pba
28,LV,850.4,13022036073.2,20560.34368,2011,pba
29,MT,162.292948061,2976049365.81,6830.33019276,2011,pba
30,MX,45579.1,499187183610.0,848051.168396,2011,pba
31,NL,7566.67469934,187196973562.0,649487.05517,2011,pba
32,NO,2499.0,79441719723.9,357962.240269,2011,pba
33,PL,15461.4,346973476388.0,379520.65365,2011,pba
34,PT,4974.19999951,48852799075.6,175860.076557,2011,pba
35,RO,8563.9,84193842283.4,131783.514939,2011,pba
36,RU,69779.8,1792509109060.0,1473892.8445,2011,pba
37,SE,4511.2,55255987724.5,412423.931733,2011,pba
38,SI,962.199925049,14418309761.9,37008.8840911,2011,pba
39,SK,2311.2,35923876424.1,71208.9101108,2011,pba
40,TR,22589.1,348071537664.0,602575.800372,2011,pba
41,TW,10106.9,253133062717.0,325034.834763,2011,pba
42,US,141382.0,4829327888260.0,11165647.9885,2011,pba
43,WA,532475.0,2489353073840.0,1985636.57708,2011,pba
44,WE,161100.0,505996294985.0,265916.540879,2011,pba
45,WF,349548.0,1526171829870.0,1119492.45219,2011,pba
46,WL,122300.0,1179248262660.0,1651811.40111,2011,pba
47,WM,38410.9,2169668426190.0,2089315.00471,2011,pba
48,ZA,13252.6,410800197233.0,299150.166797,2011,pba
0,AT,4179.56,62950919558.2,318668.457468,2012,pba
1,AU,11394.5858311,618634148570.0,1238097.4152,2012,pba
2,BE,4518.1,86445170459.0,386193.384385,2012,pba
3,BG,2958.3,55942139684.5,42039.2459979,2012,pba
4,BR,93359.2,962502129201.0,1918764.23869,2012,pba
5,CA,17682.525,590291034133.0,1423322.94995,2012,pba
6,CH,4171.7,40192966433.5,538690.608645,2012,pba
7,CN,627379.5,10456343095600.0,6640867.33569,2012,pba
8,CY,399.2623806,13101381600.1,19441.740609,2012,pba
9,CZ,4917.662,114043403769.0,162560.491377,2012,pba
10,DE,41570.0,779328753034.0,2745442.82701,2012,pba
11,DK,2698.2,67635917905.8,254630.21479,2012,pba
12,EE,602.513094147,21015476795.6,18051.6103532,2012,pba
13,ES,18417.1,299071093611.0,1031148.88792,2012,pba
14,FI,2462.5,68015423988.0,201046.726823,2012,pba
15,FR,27061.0,334049006452.0,2088905.06312,2012,pba
16,GB,28819.0,453328287868.0,2104621.17439,2012,pba
17,GR,4088.69590213,172393936234.0,188397.830858,2012,pba
18,HR,1490.9,20896863053.2,43971.448707,2012,pba
19,HU,3810.2,45839124810.7,99996.4962487,2012,pba
20,ID,104269.4,693613138343.0,714406.844151,2012,pba
21,IE,1842.59999931,61122049435.6,175112.372095,2012,pba
22,IN,377183.1,2504018917660.0,1448378.91934,2012,pba
23,IT,22951.4,368796307884.0,1624437.29175,2012,pba
24,JP,62505.0,1111579758840.0,4828154.67103,2012,pba
25,KR,24231.6,618305794666.0,995040.165583,2012,pba
26,LT,1251.68531944,17118922831.0,33424.2233482,2012,pba
27,LU,204.4,8024837982.78,44114.2292863,2012,pba
28,LV,796.042896327,12360961710.9,22050.6161608,2012,pba
29,MT,165.997958544,2927194906.48,7171.24695142,2012,pba
30,MX,46603.8,519474427314.0,934848.838051,2012,pba
31,NL,7470.0,183080312190.0,652997.592614,2012,pba
32,NO,2532.8,78992513040.4,396564.692673,2012,pba
33,PL,15556.1,350467651633.0,388011.511332,2012,pba
34,PT,4835.2,50384377685.0,168303.711686,2012,pba
35,RO,8440.3,90747957716.0,133247.407346,2012,pba
36,RU,64318.5,1918344268040.0,1720310.34356,2012,pba
37,SE,4603.7,51194433678.2,430015.354361,2012,pba
38,SI,931.5,15174122243.8,36255.026051,2012,pba
39,SK,2313.8,35111805132.5,73579.3358348,2012,pba
40,TR,24094.2,370522219228.0,685364.191159,2012,pba
41,TW,10708.4,252973946282.0,358179.26824,2012,pba
42,US,122895.0,4755285181580.0,12606636.8306,2012,pba
43,WA,528534.0,2559496588790.0,2317868.59074,2012,pba
44,WE,163900.0,525580787868.0,294586.68638,2012,pba
45,WF,359598.0,1558999438150.0,1294833.87026,2012,pba
46,WL,125737.0,1212032677570.0,1981470.57936,2012,pba
47,WM,38705.8,2240342433990.0,2436370.43925,2012,pba
48,ZA,13202.4,396720485127.0,308475.552398,2012,pba
0,AT,4202.99,61413223317.6,323822.538191,2013,pba
1,AU,11545.6,540511394536.0,1161973.00467,2013,pba
2,BE,4555.7,85493807824.8,392773.67247,2013,pba
3,BG,2927.0,51617030225.4,41858.7444148,2013,pba
4,BR,94636.7995119,1015400837410.0,1861922.56777,2013,pba
5,CA,17850.79,592571218494.0,1390864.07652,2013,pba
6,CH,4239.0,41533393452.3,536667.513156,2013,pba
7,CN,635610.6,10724388543500.0,7206136.66164,2013,pba
8,CY,391.7,12531170074.7,17990.1299025,2013,pba
9,CZ,5064.632,110823258574.0,159389.817478,2013,pba
10,DE,42033.0,783325382051.0,2810589.14707,2013,pba
11,DK,2683.5,63012360533.0,258703.701223,2013,pba
12,EE,613.832100892,19583409073.7,19028.2408761,2013,pba
13,ES,17627.4,294432732525.0,1020071.85695,2013,pba
14,FI,2471.3,62849366540.4,204265.703352,2013,pba
15,FR,27096.0,342867529697.0,2116616.01213,2013,pba
16,GB,29100.8,478014531275.0,2095663.79806,2013,pba
17,GR,3761.3,163278849588.0,179567.841295,2013,pba
18,HR,1443.5,19377505565.3,43714.4387599,2013,pba
19,HU,3875.7,43737444151.1,101958.963154,2013,pba
20,ID,113009.8,729033253181.0,687089.930516,2013,pba
21,IE,1751.95871535,65028703172.0,179567.669342,2013,pba
22,IN,379204.1,2661633999000.0,1443455.83594,2013,pba
23,IT,22885.9,352014574431.0,1612314.8312,2013,pba
24,JP,62040.0,1139474060080.0,3882024.7393,2013,pba
25,KR,24671.4,618848895501.0,1032147.56352,2013,pba
26,LT,1275.9,18215858792.6,35023.3199171,2013,pba
27,LU,216.4,8302100866.15,46486.9755382,2013,pba
28,LV,853.3,12400323654.2,22914.5377858,2013,pba
29,MT,169.403458857,3066282836.47,7649.42922752,2013,pba
30,MX,48646.8,529427630270.0,959599.364695,2013,pba
31,NL,7578.7,181164754669.0,660284.254838,2013,pba
32,NO,2581.0,77100068878.5,393616.092098,2013,pba
33,PL,15582.6991015,351152553259.0,392299.913632,2013,pba
34,PT,4632.5,51079887294.7,170446.127629,2013,pba
35,RO,8697.1,90028413750.8,143775.401461,2013,pba
36,RU,71516.3,1891545891130.0,1729632.47538,2013,pba
37,SE,4631.3,49001765000.3,441865.689178,2013,pba
38,SI,918.899996576,14927249152.2,36444.4671398,2013,pba
39,SK,2319.0,34223182260.6,74428.6134739,2013,pba
40,TR,24814.0,394703765147.0,721179.879511,2013,pba
41,TW,10857.9,245701316388.0,352653.808455,2013,pba
42,US,144753.0,4602412416700.0,12638243.3552,2013,pba
43,WA,528691.0,2683700986800.0,2401201.37488,2013,pba
44,WE,163562.0,516393484376.0,307594.027682,2013,pba
45,WF,368903.0,1683143850130.0,1323468.52946,2013,pba
46,WL,125412.0,1255760957270.0,1990432.61438,2013,pba
47,WM,39168.972053,2338675473630.0,2371178.26021,2013,pba
48,ZA,13475.2,408540739101.0,276067.232441,2013,pba
0,AT,4186.68583982,59699191831.3,332703.147713,2014,pba
1,AU,10416.1076929,558423528620.0,1102329.33733,2014,pba
2,BE,4542.38256943,85992225514.7,402467.501564,2014,pba
3,BG,2786.21913358,47567004317.6,42818.0910705,2014,pba
4,BR,91576.0604108,1049171910900.0,1848734.48706,2014,pba
5,CA,16651.1965604,603371719738.0,1357571.78315,2014,pba
6,CH,4265.3365331,41595631593.9,552801.348165,2014,pba
7,CN,667070.706512,11138500512500.0,7885302.75444,2014,pba
8,CY,361.522949056,12162172805.9,17385.3551596,2014,pba
9,CZ,4751.65711106,107198614051.0,157590.390784,2014,pba
10,DE,42770.8912337,794797826380.0,2923537.94151,2014,pba
11,DK,2745.86968469,65012191561.2,265708.417931,2014,pba
12,EE,639.18116794,21814507605.1,20153.1604254,2014,pba
13,ES,16990.1775094,265610153649.0,1030785.73173,2014,pba
14,FI,2388.28329821,63922350127.3,206621.92759,2014,pba
15,FR,25943.8779532,341969883964.0,2146906.85783,2014,pba
16,GB,28906.6955661,448314939948.0,2307505.53963,2014,pba
17,GR,3519.77577139,158008014120.0,177113.645486,2014,pba
18,HR,1447.92222996,19032137677.7,43389.7036843,2014,pba
19,HU,3795.38619703,42362289297.3,105957.861408,2014,pba
20,ID,111078.885888,735880024609.0,670541.780588,2014,pba
21,IE,1884.09440692,64881732796.7,194888.657901,2014,pba
22,IN,373496.426914,2721167277670.0,1537778.91587,2014,pba
23,IT,22198.8156989,326595695072.0,1625241.94185,2014,pba
24,JP,48160.5369017,1163974208060.0,3651045.19085,2014,pba
25,KR,23426.1433801,614360503512.0,1117288.80139,2014,pba
26,LT,1297.53581777,17202097101.1,36563.4414316,2014,pba
27,LU,226.68259594,8151433140.51,49758.2636332,2014,pba
28,LV,922.343554213,12321704203.6,23582.5149815,2014,pba
29,MT,186.859470651,2744708382.57,8514.8642997,2014,pba
30,MX,50842.4797716,527876746714.0,989513.67121,2014,pba
31,NL,7321.95225812,179705166580.0,670667.151733,2014,pba
32,NO,2562.07401266,76255703496.5,375167.519948,2014,pba
33,PL,15458.2039102,348873073498.0,408332.654061,2014,pba
34,PT,4610.43385975,48827249386.3,172823.613735,2014,pba
35,RO,9810.96863605,80397974363.6,150265.93641,2014,pba
36,RU,72949.1099929,1796178541700.0,1553378.56597,2014,pba
37,SE,4623.71811948,48258319848.7,438060.983995,2014,pba
38,SI,905.65279208,14274625063.0,37584.2566906,2014,pba
39,SK,2284.30701726,34833355773.4,76168.3972521,2014,pba
40,TR,25171.8979824,385824897853.0,706762.837943,2014,pba
41,TW,10757.8230398,244964623247.0,362662.800495,2014,pba
42,US,141957.010987,4621492313210.0,13193269.1005,2014,pba
43,WA,522242.446307,2732396089360.0,2505607.65565,2014,pba
44,WE,167823.121288,502536642204.0,275017.016601,2014,pba
45,WF,385499.526108,1688308843880.0,1382952.03346,2014,pba
46,WL,122161.057782,1262345211360.0,1963355.48858,2014,pba
47,WM,36800.1725746,2387426523240.0,2349512.66874,2014,pba
48,ZA,11648.2707164,420131960804.0,263934.997127,2014,pba
0,AT,4225.65693377,56914096641.5,344134.804771,2015,pba
1,AU,9643.32305075,543790424030.0,1124501.48652,2015,pba
2,BE,4449.21288308,88786403336.5,416538.692514,2015,pba
3,BG,2972.36854141,49299300208.9,45633.7953919,2015,pba
4,BR,90025.0364233,1066221488420.0,1624346.10145,2015,pba
5,CA,15495.6516994,603325152382.0,1402549.56523,2015,pba
6,CH,4100.85795665,38382897261.5,632852.258469,2015,pba
7,CN,718123.940625,11156481838700.0,9969871.93295,2015,pba
8,CY,361.97881901,12479496623.5,17819.939212,2015,pba
9,CZ,4593.51228767,107178759418.0,169475.484867,2015,pba
10,DE,44554.0001207,771499726493.0,3024998.38136,2015,pba
11,DK,2891.22404116,61579833637.4,272801.296078,2015,pba
12,EE,614.157222986,21242272993.7,20774.1002637,2015,pba
13,ES,16868.9490068,259370836354.0,1077169.23837,2015,pba
14,FI,2404.31189423,59756714650.4,211302.461468,2015,pba
15,FR,26056.9303138,324781089622.0,2197573.58833,2015,pba
16,GB,31543.3473056,419475180123.0,2643339.11838,2015,pba
17,GR,3314.70490651,156069437780.0,176041.469044,2015,pba
18,HR,1435.43325183,18768916185.9,44642.2940957,2015,pba
19,HU,3804.23705475,42391414635.1,112730.316378,2015,pba
20,ID,104771.020362,777980717733.0,775893.855537,2015,pba
21,IE,1964.31796522,66269802704.2,262750.664876,2015,pba
22,IN,393621.787498,2868098514740.0,1934888.33534,2015,pba
23,IT,22264.1566822,311727709091.0,1654708.64112,2015,pba
24,JP,48056.9749286,1126150734200.0,3956264.64406,2015,pba
25,KR,28325.4083366,615459879374.0,1321111.53288,2015,pba
26,LT,1332.03657314,17275710931.9,37331.1157964,2015,pba
27,LU,259.513946753,8214279483.74,52045.4781025,2015,pba
28,LV,870.945717114,12113433466.4,24551.2888261,2015,pba
29,MT,211.435818354,2738982207.1,9652.82943164,2015,pba
30,MX,57779.5572108,520375205866.0,1055040.18202,2015,pba
31,NL,7381.71934975,178025368880.0,689738.575738,2015,pba
32,NO,2433.10787443,77442896230.7,347725.597176,2015,pba
33,PL,15515.4079023,349937735245.0,430655.170252,2015,pba
34,PT,4595.73038623,48067913884.0,179642.987226,2015,pba
35,RO,9801.83633718,78913503027.9,160337.928958,2015,pba
36,RU,63595.777885,1729810970640.0,1231554.76078,2015,pba
37,SE,4377.68938885,47192920077.2,455253.52082,2015,pba
38,SI,889.723758864,12558860639.3,38837.4703873,2015,pba
39,SK,2310.11385759,32546125593.1,79736.4175248,2015,pba
40,TR,23919.351607,409686166939.0,779012.131926,2015,pba
41,TW,10863.0052572,247330037858.0,419653.433235,2015,pba
42,US,146065.526663,4616016336000.0,16438306.4443,2015,pba
43,WA,512581.915296,2775299966080.0,2924916.0648,2015,pba
44,WE,143395.651778,466291595657.0,253676.105958,2015,pba
45,WF,392785.805811,1761839409130.0,1454533.04771,2015,pba
46,WL,118586.208193,1275768726710.0,2317938.26414,2015,pba
47,WM,34861.932407,2465727974800.0,2484226.23283,2015,pba
48,ZA,11297.1698867,433264248838.0,286088.90385,2015,pba
0,AT,4336.0831681,57798600646.7,357366.197797,2016,pba
1,AU,9818.89097616,519615664684.0,1183579.89578,2016,pba
2,BE,4563.29202606,85279280739.5,429794.551237,2016,pba
3,BG,3132.69655915,48411318591.6,48589.5747981,2016,pba
4,BR,75659.4788601,1029052914430.0,1622272.35145,2016,pba
5,CA,15501.0714582,584432248483.0,1380652.92525,2016,pba
6,CH,4527.60940538,38460783117.6,628422.308157,2016,pba
7,CN,873528.486421,11205734564800.0,10148445.7751,2016,pba
8,CY,380.003190205,13495429952.3,18860.1414325,2016,pba
9,CZ,4859.44231074,110241459077.0,177316.892742,2016,pba
10,DE,44285.9047381,781953762111.0,3132620.83486,2016,pba
11,DK,2791.87641976,62440781889.1,282876.408827,2016,pba
12,EE,635.775449526,18443017853.1,21916.6617481,2016,pba
13,ES,17661.1747086,264101408533.0,1113087.01541,2016,pba
14,FI,2405.84718828,59116585061.6,217370.952218,2016,pba
15,FR,26019.6626299,330011102669.0,2232618.67114,2016,pba
16,GB,36370.9406645,383444402481.0,2433144.46746,2016,pba
17,GR,3300.95778615,156366838196.0,174119.148334,2016,pba
18,HR,1431.95848937,19276874168.0,46613.9649419,2016,pba
19,HU,4023.31028628,44808878945.3,116063.360844,2016,pba
20,ID,129916.986325,796762630045.0,841880.354173,2016,pba
21,IE,2499.78684004,70856868085.6,270626.385816,2016,pba
22,IN,484106.211169,2940571027820.0,2069374.8564,2016,pba
23,IT,22498.4717342,317771066833.0,1694640.40436,2016,pba
24,JP,49902.2013594,1079602457280.0,4447138.98406,2016,pba
25,KR,33322.8230227,639493602295.0,1355236.74314,2016,pba
26,LT,1368.80305111,15993101649.8,38863.5714496,2016,pba
27,LU,273.694301769,8107752102.38,54830.1413345,2016,pba
28,LV,976.288062661,12230743226.3,25343.1437908,2016,pba
29,MT,227.420853399,1717532035.53,10362.6898152,2016,pba
30,MX,55003.4052253,533236226255.0,973806.147391,2016,pba
31,NL,7228.90618242,184989907749.0,707858.145907,2016,pba
32,NO,2250.75532955,77196478893.8,333200.767497,2016,pba
33,PL,15915.292015,363175634298.0,426987.408148,2016,pba
34,PT,4660.6972207,50896620636.3,186363.739075,2016,pba
35,RO,10696.8149492,78432309057.9,170290.82186,2016,pba
36,RU,51166.435559,1697866599260.0,1155956.28195,2016,pba
37,SE,4403.93516439,48008380878.2,465854.793992,2016,pba
38,SI,928.335306032,13267353800.1,40415.8763415,2016,pba
39,SK,2423.16820029,33531034323.9,80996.7060949,2016,pba
40,TR,26994.4110441,440726964281.0,785692.433163,2016,pba
41,TW,12457.6105109,255762106581.0,429269.824686,2016,pba
42,US,185030.568826,4384091531620.0,16934750.2033,2016,pba
43,WA,561923.016966,2880639151310.0,2977178.29953,2016,pba
44,WE,133291.868353,448584942946.0,255203.692757,2016,pba
45,WF,423835.505578,1814130013490.0,1380288.36658,2016,pba
46,WL,136785.613475,1278757350490.0,2208964.88069,2016,pba
47,WM,38189.6160761,2531038984850.0,2462419.91168,2016,pba
48,ZA,12588.1778159,426269346601.0,267721.56351,2016,pba
0,AT,4494.16887368,59967161197.2,369335.105883,2017,pba
1,AU,9986.5682225,581764106573.0,1254123.85479,2017,pba
2,BE,4623.69033885,88960402206.7,444983.685374,2017,pba
3,BG,3229.6365763,51024531190.3,52183.3373197,2017,pba
4,BR,76625.638826,1058280264770.0,1826005.01688,2017,pba
5,CA,14858.4555199,590532411811.0,1460138.94615,2017,pba
6,CH,4517.14645373,39394640262.2,623597.872855,2017,pba
7,CN,864526.758833,11551580931000.0,10897132.3876,2017,pba
8,CY,428.242727527,13991735109.4,20039.3660902,2017,pba
9,CZ,4943.67319982,109593471855.0,193528.318095,2017,pba
10,DE,44991.3207445,783024256828.0,3259805.68286,2017,pba
11,DK,2788.81666958,59095678474.6,293990.496421,2017,pba
12,EE,674.556630987,19487955590.3,23857.3504723,2017,pba
13,ES,17922.4512703,276339334581.0,1161847.64049,2017,pba
14,FI,2422.11377914,58007487403.5,225929.235411,2017,pba
15,FR,25535.1104987,339932925557.0,2297203.7224,2017,pba
16,GB,32381.4970192,365190110807.0,2356806.24833,2017,pba
17,GR,3133.47206408,161043983075.0,177148.933222,2017,pba
18,HR,1527.86907521,20329588741.5,48968.1910804,2017,pba
19,HU,3978.27078757,48541920013.1,126548.292231,2017,pba
20,ID,138038.925715,850860233558.0,899016.326609,2017,pba
21,IE,2791.68956972,72981793060.1,300381.84483,2017,pba
22,IN,518329.56234,3136484392600.0,2324154.80824,2017,pba
23,IT,22649.5048831,317554000652.0,1736563.86417,2017,pba
24,JP,53001.8689156,1045709192390.0,4308103.39883,2017,pba
25,KR,33152.4472576,660099544746.0,1437462.57087,2017,pba
26,LT,1403.85244621,17016036978.9,42275.5925748,2017,pba
27,LU,283.918979691,8728829509.55,56813.2643381,2017,pba
28,LV,922.894594944,12249700285.6,26961.8137436,2017,pba
29,MT,242.182785092,1324696188.49,11321.5113531,2017,pba
30,MX,48969.2589575,539196561224.0,1024816.46435,2017,pba
31,NL,7217.54015696,177259442595.0,738133.700706,2017,pba
32,NO,2170.5378637,81185947540.9,352654.64749,2017,pba
33,PL,15439.4130065,384125420202.0,466056.681907,2017,pba
34,PT,4732.59893853,58192141903.1,195943.945046,2017,pba
35,RO,11107.3380208,82105873800.5,187391.217047,2017,pba
36,RU,48121.6811347,1808037616330.0,1396458.93496,2017,pba
37,SE,4253.55056664,46842291865.9,478904.79753,2017,pba
38,SI,919.623016102,13657296038.6,43008.4123641,2017,pba
39,SK,2335.1873271,35160328465.8,84530.7824896,2017,pba
40,TR,26207.0763046,483848457948.0,760368.751527,2017,pba
41,TW,12400.6621133,293279374640.0,453166.400625,2017,pba
42,US,185632.324561,4287255837460.0,17299265.2917,2017,pba
43,WA,555926.114691,2972292045120.0,3142660.52593,2017,pba
44,WE,132865.838801,431235276136.0,286112.481049,2017,pba
45,WF,406278.519453,1849878481940.0,1420883.28369,2017,pba
46,WL,123636.335768,1267811884250.0,2318293.62416,2017,pba
47,WM,37360.6285768,2560272677000.0,2537027.99011,2017,pba
48,ZA,11813.9247561,436242093417.0,308937.496364,2017,pba
0,AT,4671.85258895,61878468902.0,385347.046488,2018,pba
1,AU,10296.6474072,593446562621.0,1235353.67396,2018,pba
2,BE,4739.59231152,90060323452.2,460401.665395,2018,pba
3,BG,3485.71611671,49211278935.5,56053.4972617,2018,pba
4,BR,85471.3262964,1122576527760.0,1596502.47595,2018,pba
5,CA,14896.7795405,654770135448.0,1458006.48844,2018,pba
6,CH,4331.75626378,39874741657.0,623106.863045,2018,pba
7,CN,932682.022346,11669142410000.0,11765374.2981,2018,pba
8,CY,439.988349229,13939595060.1,21136.9858064,2018,pba
9,CZ,5262.21992745,109914064371.0,210760.992225,2018,pba
10,DE,48031.5626913,790533432444.0,3356280.71655,2018,pba
11,DK,2790.90901124,60722582503.5,302184.16579,2018,pba
12,EE,690.723760086,21341378916.9,25936.6149254,2018,pba
13,ES,18099.1994716,271280707923.0,1204194.6146,2018,pba
14,FI,2422.55832013,57013909918.4,233654.999643,2018,pba
15,FR,24454.971797,345002339613.0,2360596.07018,2018,pba
16,GB,31349.4514485,365384653751.0,2419404.33943,2018,pba
17,GR,3264.48638133,163317006621.0,179720.378197,2018,pba
18,HR,1519.55119842,20571310746.3,51643.6774743,2018,pba
19,HU,4288.23446555,50680235289.1,135833.053218,2018,pba
20,ID,127867.912627,941020484777.0,882506.614187,2018,pba
21,IE,2839.87877269,77802517605.3,326973.46503,2018,pba
22,IN,580328.668408,3425190531870.0,2348569.21483,2018,pba
23,IT,22987.0063227,317873555762.0,1770994.88153,2018,pba
24,JP,49530.0756697,1083523576350.0,4195433.20914,2018,pba
25,KR,34128.9999682,669865142181.0,1460419.55878,2018,pba
26,LT,1523.129474,18428986779.8,45489.3167581,2018,pba
27,LU,283.827608869,9292412661.96,60050.7688531,2018,pba
28,LV,1050.8494515,12268001038.8,29141.4164769,2018,pba
29,MT,268.410453846,1319821097.78,12402.3222643,2018,pba
30,MX,56060.6998786,684907129223.0,1033612.90241,2018,pba
31,NL,7492.95859562,174586660278.0,773957.187282,2018,pba
32,NO,2185.9645009,84245969409.3,367626.262008,2018,pba
33,PL,16991.2065659,388010521569.0,497382.755703,2018,pba
34,PT,5015.97853097,55733374095.4,205176.220642,2018,pba
35,RO,12999.0840528,82760395521.1,204594.353793,2018,pba
36,RU,57525.4952562,1996840908500.0,1412748.75011,2018,pba
37,SE,4242.28158357,46614031037.0,470326.309473,2018,pba
38,SI,956.117538334,13699803202.4,45860.8264476,2018,pba
39,SK,2523.37075832,35845117957.2,89502.0583937,2018,pba
40,TR,24874.2336202,488570225965.0,659087.075523,2018,pba
41,TW,13344.6696227,292473947196.0,458176.431878,2018,pba
42,US,191950.288082,4636725988500.0,17452888.2303,2018,pba
43,WA,574310.88476,3141966547410.0,3175166.62379,2018,pba
44,WE,147460.546739,477568376205.0,307263.52273,2018,pba
45,WF,409760.044778,1893454684730.0,1452586.9366,2018,pba
46,WL,128199.948004,1304126442850.0,2125526.75234,2018,pba
47,WM,37248.0942998,2708143039740.0,2660676.47594,2018,pba
48,ZA,12880.8888851,483415677378.0,311679.874996,2018,pba
0,AT,4898.24086077,65019200755.6,397566.227502,2019,pba
1,AU,9798.82385417,599480916841.0,1232878.81456,2019,pba
2,BE,4818.03902449,88405800424.5,476192.457199,2019,pba
3,BG,3809.39447331,47156707709.4,60674.9168512,2019,pba
4,BR,76646.2528216,1004280609850.0,1650554.57546,2019,pba
5,CA,14306.3389268,632772668991.0,1555602.31311,2019,pba
6,CH,4184.73212346,41739592208.5,653350.130568,2019,pba
7,CN,974650.373905,12614562509300.0,12811910.6429,2019,pba
8,CY,472.455857385,14123913456.8,21943.1003603,2019,pba
9,CZ,5685.67899155,110149529693.0,223921.844153,2019,pba
10,DE,46996.9857913,729234269391.0,3448971.46765,2019,pba
11,DK,2569.30764361,57188546125.7,312732.762536,2019,pba
12,EE,762.73571355,18398213710.7,28111.7469015,2019,pba
13,ES,18560.4761909,264207879229.0,1244743.65745,2019,pba
14,FI,2558.13374982,55113420829.4,240550.522716,2019,pba
15,FR,25247.5423002,350172176790.0,2425652.7684,2019,pba
16,GB,32838.9133859,376173514630.0,2524735.85631,2019,pba
17,GR,3277.43712425,164649458815.0,183409.320809,2019,pba
18,HR,1629.15289639,20911714985.4,53966.2115805,2019,pba
19,HU,4599.34630793,51615274032.5,146019.689922,2019,pba
20,ID,124244.786281,1000459394800.0,999723.790866,2019,pba
21,IE,2968.36796129,77735986180.4,356043.042976,2019,pba
22,IN,578665.223625,3459703752410.0,2582923.04674,2019,pba
23,IT,23908.5583726,320219582326.0,1789706.24877,2019,pba
24,JP,48857.4247554,1003266875720.0,4539942.66272,2019,pba
25,KR,34174.0773234,644827785789.0,1470781.08958,2019,pba
26,LT,1670.54786787,19491859086.9,48796.2589196,2019,pba
27,LU,291.704799857,9642669242.73,63514.8897795,2019,pba
28,LV,1111.60893157,14063048880.8,30462.6293724,2019,pba
29,MT,303.987417597,1378486910.22,13276.9976856,2019,pba
30,MX,57317.9391624,695113432023.0,1122323.27847,2019,pba
31,NL,7549.83045929,168045790059.0,810228.551269,2019,pba
32,NO,2121.31126005,86998826226.7,360282.59369,2019,pba
33,PL,17120.1664516,365250412500.0,532257.335353,2019,pba
34,PT,5150.02065613,55566695425.5,213296.190291,2019,pba
35,RO,14101.2779963,87064906068.6,223381.839019,2019,pba
36,RU,57025.1272052,2074674801250.0,1512219.87611,2019,pba
37,SE,4213.42992171,47309767865.7,474215.157664,2019,pba
38,SI,1017.40349799,13794804843.0,48391.449137,2019,pba
39,SK,2545.67105272,34896348727.2,93863.0397586,2019,pba
40,TR,21836.671667,472591068819.0,680147.916219,2019,pba
41,TW,13402.0751166,280048995193.0,491104.421559,2019,pba
42,US,186489.822874,4577330223010.0,19145355.9625,2019,pba
43,WA,564709.002786,3327363180650.0,3450302.73629,2019,pba
44,WE,159184.163489,491641328414.0,346955.982553,2019,pba
45,WF,412145.3111,2008577248810.0,1578465.67202,2019,pba
46,WL,114855.316264,1272055210440.0,2108426.41381,2019,pba
47,WM,37591.491747,2956263329270.0,3017200.80712,2019,pba
48,ZA,13230.1169201,493534921053.0,313917.81258,2019,pba
